D,p,source,u
2.00000000e-02,0.2662,NN,4.10169220e+00
2.00000000e-02,0.2662,PBE,3.68917057e+00
2.00000000e-02,0.5324,NN,4.77191734e+00
2.00000000e-02,0.5324,PBE,4.78656148e+00
2.00000000e-02,0.7985,NN,5.12015629e+00
2.00000000e-02,0.7985,PBE,5.07388008e+00
2.00000000e-02,1.0647,NN,5.37544250e+00
2.00000000e-02,1.0647,PBE,5.29667653e+00
2.00000000e-02,1.3308,NN,5.58039761e+00
2.00000000e-02,1.3308,PBE,5.63247066e+00
4.00000000e-02,0.2662,NN,3.36208344e+00
4.00000000e-02,0.2662,PBE,2.99755642e+00
4.00000000e-02,0.5324,NN,4.01923990e+00
4.00000000e-02,0.5324,PBE,4.09262343e+00
4.00000000e-02,0.7985,NN,4.38134670e+00
4.00000000e-02,0.7985,PBE,4.37951832e+00
4.00000000e-02,1.0647,NN,4.64662695e+00
4.00000000e-02,1.0647,PBE,4.60194017e+00
4.00000000e-02,1.3308,NN,4.85840178e+00
4.00000000e-02,1.3308,PBE,4.93703331e+00
6.00000000e-02,0.2662,NN,2.93542671e+00
6.00000000e-02,0.2662,PBE,2.59484560e+00
6.00000000e-02,0.5324,NN,3.59433126e+00
6.00000000e-02,0.5324,PBE,3.68650658e+00
6.00000000e-02,0.7985,NN,3.96485972e+00
6.00000000e-02,0.7985,PBE,3.97291772e+00
6.00000000e-02,1.0647,NN,4.23494101e+00
6.00000000e-02,1.0647,PBE,4.19493752e+00
6.00000000e-02,1.3308,NN,4.44937897e+00
6.00000000e-02,1.3308,PBE,4.52930681e+00
8.00000000e-02,0.2662,NN,2.63582087e+00
8.00000000e-02,0.2662,PBE,2.31110558e+00
8.00000000e-02,0.5324,NN,3.29796743e+00
8.00000000e-02,0.5324,PBE,3.39831148e+00
8.00000000e-02,0.7985,NN,3.67438889e+00
8.00000000e-02,0.7985,PBE,3.68417911e+00
8.00000000e-02,1.0647,NN,3.94742990e+00
8.00000000e-02,1.0647,PBE,3.90576947e+00
8.00000000e-02,1.3308,NN,4.16322708e+00
8.00000000e-02,1.3308,PBE,4.23939211e+00
1.00000000e-01,0.2662,NN,2.40569472e+00
1.00000000e-01,0.2662,PBE,2.09304681e+00
1.00000000e-01,0.5324,NN,3.07024527e+00
1.00000000e-01,0.5324,PBE,3.17479303e+00
1.00000000e-01,0.7985,NN,3.45097589e+00
1.00000000e-01,0.7985,PBE,3.46005780e+00
1.00000000e-01,1.0647,NN,3.72602463e+00
1.00000000e-01,1.0647,PBE,3.68119147e+00
1.00000000e-01,1.3308,NN,3.94258714e+00
1.00000000e-01,1.3308,PBE,4.01404469e+00
1.20000000e-01,0.2662,NN,2.21960688e+00
1.20000000e-01,0.2662,PBE,1.91689786e+00
1.20000000e-01,0.5324,NN,2.88523340e+00
1.20000000e-01,0.5324,PBE,2.99223395e+00
1.20000000e-01,0.7985,NN,3.26914144e+00
1.20000000e-01,0.7985,PBE,3.27683704e+00
1.20000000e-01,1.0647,NN,3.54560709e+00
1.20000000e-01,1.0647,PBE,3.49748689e+00
1.20000000e-01,1.3308,NN,3.76259971e+00
1.20000000e-01,1.3308,PBE,3.82954802e+00
1.40000000e-01,0.2662,NN,2.06404638e+00
1.40000000e-01,0.2662,PBE,1.76994478e+00
1.40000000e-01,0.5324,NN,2.72939849e+00
1.40000000e-01,0.5324,PBE,2.83798220e+00
1.40000000e-01,0.7985,NN,3.11561441e+00
1.40000000e-01,0.7985,PBE,3.12186543e+00
1.40000000e-01,1.0647,NN,3.39307213e+00
1.40000000e-01,1.0647,PBE,3.34200451e+00
1.40000000e-01,1.3308,NN,3.61028242e+00
1.40000000e-01,1.3308,PBE,3.67325096e+00
1.60000000e-01,0.2662,NN,1.93094611e+00
1.60000000e-01,0.2662,PBE,1.64456720e+00
1.60000000e-01,0.5324,NN,2.59479690e+00
1.60000000e-01,0.5324,PBE,2.70448513e+00
1.60000000e-01,0.7985,NN,2.98261261e+00
1.60000000e-01,0.7985,PBE,2.98759104e+00
1.60000000e-01,1.0647,NN,3.26074433e+00
1.60000000e-01,1.0647,PBE,3.20719263e+00
1.60000000e-01,1.3308,NN,3.47801971e+00
1.60000000e-01,1.3308,PBE,3.53760192e+00
1.80000000e-01,0.2662,NN,1.81509328e+00
1.80000000e-01,0.2662,PBE,1.53582144e+00
1.80000000e-01,0.5324,NN,2.47636795e+00
1.80000000e-01,0.5324,PBE,2.58687058e+00
1.80000000e-01,0.7985,NN,2.86520219e+00
1.80000000e-01,0.7985,PBE,2.86914259e+00
1.80000000e-01,1.0647,NN,3.14374876e+00
1.80000000e-01,1.0647,PBE,3.08818018e+00
1.80000000e-01,1.3308,NN,3.36097670e+00
1.80000000e-01,1.3308,PBE,3.41772994e+00
2.00000000e-01,0.2662,NN,1.71291602e+00
2.00000000e-01,0.2662,PBE,1.44030686e+00
2.00000000e-01,0.5324,NN,2.37068963e+00
2.00000000e-01,0.5324,PBE,2.48181136e+00
2.00000000e-01,0.7985,NN,2.76005054e+00
2.00000000e-01,0.7985,PBE,2.76319380e+00
2.00000000e-01,1.0647,NN,3.03880095e+00
2.00000000e-01,1.0647,PBE,2.98164115e+00
2.00000000e-01,1.3308,NN,3.25588584e+00
2.00000000e-01,1.3308,PBE,3.31030916e+00
2.20000000e-01,0.2662,NN,1.62185252e+00
2.20000000e-01,0.2662,PBE,1.35557604e+00
2.20000000e-01,0.5324,NN,2.27534628e+00
2.20000000e-01,0.5324,PBE,2.38693377e+00
2.20000000e-01,0.7985,NN,2.66480827e+00
2.20000000e-01,0.7985,PBE,2.66737203e+00
2.20000000e-01,1.0647,NN,2.94357944e+00
2.20000000e-01,1.0647,PBE,2.88520320e+00
2.20000000e-01,1.3308,NN,3.16044545e+00
2.20000000e-01,1.3308,PBE,3.21296739e+00
2.40000000e-01,0.2662,NN,1.54000056e+00
2.40000000e-01,0.2662,PBE,1.27980323e+00
2.40000000e-01,0.5324,NN,2.18855619e+00
2.40000000e-01,0.5324,PBE,2.30048464e+00
2.40000000e-01,0.7985,NN,2.57775187e+00
2.40000000e-01,0.7985,PBE,2.57992522e+00
2.40000000e-01,1.0647,NN,2.85638475e+00
2.40000000e-01,1.0647,PBE,2.79711458e+00
2.40000000e-01,1.3308,NN,3.07296371e+00
2.40000000e-01,1.3308,PBE,3.12395306e+00
2.60000000e-01,0.2662,NN,1.46590793e+00
2.60000000e-01,0.2662,PBE,1.21158624e+00
2.60000000e-01,0.5324,NN,2.10897350e+00
2.60000000e-01,0.5324,PBE,2.22113207e+00
2.60000000e-01,0.7985,NN,2.49758458e+00
2.60000000e-01,0.7985,PBE,2.49952268e+00
2.60000000e-01,1.0647,NN,2.77594066e+00
2.60000000e-01,1.0647,PBE,2.71604497e+00
2.60000000e-01,1.3308,NN,2.99217582e+00
2.60000000e-01,1.3308,PBE,3.04193602e+00
2.80000000e-01,0.2662,NN,1.39843798e+00
2.80000000e-01,0.2662,PBE,1.14982218e+00
2.80000000e-01,0.5324,NN,2.03555536e+00
2.80000000e-01,0.5324,PBE,2.14784024e+00
2.80000000e-01,0.7985,NN,2.42329931e+00
2.80000000e-01,0.7985,PBE,2.42512989e+00
2.80000000e-01,1.0647,NN,2.70125294e+00
2.80000000e-01,1.0647,PBE,2.64096020e+00
2.80000000e-01,1.3308,NN,2.91709304e+00
2.80000000e-01,1.3308,PBE,2.96588229e+00
3.00000000e-01,0.2662,NN,1.33668089e+00
3.00000000e-01,0.2662,PBE,1.09362613e+00
3.00000000e-01,0.5324,NN,1.96747506e+00
3.00000000e-01,0.5324,PBE,2.07978752e+00
3.00000000e-01,0.7985,NN,2.35410571e+00
3.00000000e-01,0.7985,PBE,2.35592657e+00
3.00000000e-01,1.0647,NN,2.63154554e+00
3.00000000e-01,1.0647,PBE,2.57104039e+00
3.00000000e-01,1.3308,NN,2.84693933e+00
3.00000000e-01,1.3308,PBE,2.89497222e+00
3.20000000e-01,0.2662,NN,1.27990139e+00
3.20000000e-01,0.2662,PBE,1.04227625e+00
3.20000000e-01,0.5324,NN,1.90406537e+00
3.20000000e-01,0.5324,PBE,2.01631104e+00
3.20000000e-01,0.7985,NN,2.28936386e+00
3.20000000e-01,0.7985,PBE,2.29125128e+00
3.20000000e-01,1.0647,NN,2.56618881e+00
3.20000000e-01,1.0647,PBE,2.50562454e+00
3.20000000e-01,1.3308,NN,2.78109503e+00
3.20000000e-01,1.3308,PBE,2.82854502e+00
3.40000000e-01,0.2662,NN,1.22749317e+00
3.40000000e-01,0.2662,PBE,9.95175370e-01
3.40000000e-01,0.5324,NN,1.84477782e+00
3.40000000e-01,0.5324,PBE,1.95686818e+00
3.40000000e-01,0.7985,NN,2.22855163e+00
3.40000000e-01,0.7985,PBE,2.23056286e+00
3.40000000e-01,1.0647,NN,2.50467229e+00
3.40000000e-01,1.0647,PBE,2.44417191e+00
3.40000000e-01,1.3308,NN,2.71904850e+00
3.40000000e-01,1.3308,PBE,2.76606019e+00
3.60000000e-01,0.2662,NN,1.17895007e+00
3.60000000e-01,0.2662,PBE,9.51823574e-01
3.60000000e-01,0.5324,NN,1.78916156e+00
3.60000000e-01,0.5324,PBE,1.90100894e+00
3.60000000e-01,0.7985,NN,2.17123652e+00
3.60000000e-01,0.7985,PBE,2.17341286e+00
3.60000000e-01,1.0647,NN,2.44657040e+00
3.60000000e-01,1.0647,PBE,2.38623452e+00
3.60000000e-01,1.3308,NN,2.66037846e+00
3.60000000e-01,1.3308,PBE,2.70707002e+00
3.80000000e-01,0.2662,NN,1.13384771e+00
3.80000000e-01,0.2662,PBE,9.11798086e-01
3.80000000e-01,0.5324,NN,1.73683155e+00
3.80000000e-01,0.5324,PBE,1.84835594e+00
3.80000000e-01,0.7985,NN,2.11705923e+00
3.80000000e-01,0.7985,PBE,2.11942548e+00
3.80000000e-01,1.0647,NN,2.39152861e+00
3.80000000e-01,1.0647,PBE,2.33143706e+00
3.80000000e-01,1.3308,NN,2.60473323e+00
3.80000000e-01,1.3308,PBE,2.65119943e+00
4.00000000e-01,0.2662,NN,1.09182394e+00
4.00000000e-01,0.2662,PBE,8.74738220e-01
4.00000000e-01,0.5324,NN,1.68746662e+00
4.00000000e-01,0.5324,PBE,1.79858948e+00
4.00000000e-01,0.7985,NN,2.06570888e+00
4.00000000e-01,0.7985,PBE,2.06828263e+00
4.00000000e-01,1.0647,NN,2.33924556e+00
4.00000000e-01,1.0647,PBE,2.27946193e+00
4.00000000e-01,1.3308,NN,2.55181503e+00
4.00000000e-01,1.3308,PBE,2.59813113e+00
4.20000000e-01,0.2662,NN,1.05256677e+00
4.20000000e-01,0.2662,PBE,8.40333915e-01
4.20000000e-01,0.5324,NN,1.64078641e+00
4.20000000e-01,0.5324,PBE,1.75143627e+00
4.20000000e-01,0.7985,NN,2.01692581e+00
4.20000000e-01,0.7985,PBE,2.01971266e+00
4.20000000e-01,1.0647,NN,2.28946543e+00
4.20000000e-01,1.0647,PBE,2.23003801e+00
4.20000000e-01,1.3308,NN,2.50136733e+00
4.20000000e-01,1.3308,PBE,2.54759427e+00
4.40000000e-01,0.2662,NN,1.01580930e+00
4.40000000e-01,0.2662,PBE,8.08316853e-01
4.40000000e-01,0.5324,NN,1.59655249e+00
4.40000000e-01,0.5324,PBE,1.70666076e+00
4.40000000e-01,0.7985,NN,1.97048116e+00
4.40000000e-01,0.7985,PBE,1.97348171e+00
4.40000000e-01,1.0647,NN,2.24196649e+00
4.40000000e-01,1.0647,PBE,2.18293197e+00
4.40000000e-01,1.3308,NN,2.45317078e+00
4.40000000e-01,1.3308,PBE,2.49935582e+00
4.60000000e-01,0.2662,NN,9.81316566e-01
4.60000000e-01,0.2662,PBE,7.78453474e-01
4.60000000e-01,0.5324,NN,1.55455518e+00
4.60000000e-01,0.5324,PBE,1.66405846e+00
4.60000000e-01,0.7985,NN,1.92617941e+00
4.60000000e-01,0.7985,PBE,1.92938697e+00
4.60000000e-01,1.0647,NN,2.19655585e+00
4.60000000e-01,1.0647,PBE,2.13794155e+00
4.60000000e-01,1.3308,NN,2.40703750e+00
4.60000000e-01,1.3308,PBE,2.45321383e+00
4.80000000e-01,0.2662,NN,9.48886275e-01
4.80000000e-01,0.2662,PBE,7.50539409e-01
4.80000000e-01,0.5324,NN,1.51461005e+00
4.80000000e-01,0.5324,PBE,1.62345062e+00
4.80000000e-01,0.7985,NN,1.88384652e+00
4.80000000e-01,0.7985,PBE,1.88725142e+00
4.80000000e-01,1.0647,NN,2.15306640e+00
4.80000000e-01,1.0647,PBE,2.09489027e+00
4.80000000e-01,1.3308,NN,2.36279988e+00
4.80000000e-01,1.3308,PBE,2.40899214e+00
5.00000000e-01,0.2662,NN,9.18337166e-01
5.00000000e-01,0.2662,PBE,7.24394994e-01
5.00000000e-01,0.5324,NN,1.47655547e+00
5.00000000e-01,0.5324,PBE,1.58468003e+00
5.00000000e-01,0.7985,NN,1.84333086e+00
5.00000000e-01,0.7985,PBE,1.84691955e+00
5.00000000e-01,1.0647,NN,2.11134934e+00
5.00000000e-01,1.0647,PBE,2.05362322e+00
5.00000000e-01,1.3308,NN,2.32030892e+00
5.00000000e-01,1.3308,PBE,2.36653618e+00
5.20000000e-01,0.2662,NN,8.89510870e-01
5.20000000e-01,0.2662,PBE,6.99861616e-01
5.20000000e-01,0.5324,NN,1.44024801e+00
5.20000000e-01,0.5324,PBE,1.54760765e+00
5.20000000e-01,0.7985,NN,1.80449688e+00
5.20000000e-01,0.7985,PBE,1.80825406e+00
5.20000000e-01,1.0647,NN,2.07127166e+00
5.20000000e-01,1.0647,PBE,2.01400367e+00
5.20000000e-01,1.3308,NN,2.27943611e+00
5.20000000e-01,1.3308,PBE,2.32570953e+00
5.40000000e-01,0.2662,NN,8.62265825e-01
5.40000000e-01,0.2662,PBE,6.76798703e-01
5.40000000e-01,0.5324,NN,1.40555942e+00
5.40000000e-01,0.5324,PBE,1.51210989e+00
5.40000000e-01,0.7985,NN,1.76722515e+00
5.40000000e-01,0.7985,PBE,1.77113304e+00
5.40000000e-01,1.0647,NN,2.03271842e+00
5.40000000e-01,1.0647,PBE,1.97591032e+00
5.40000000e-01,1.3308,NN,2.24006581e+00
5.40000000e-01,1.3308,PBE,2.28639125e+00
5.60000000e-01,0.2662,NN,8.36477101e-01
5.60000000e-01,0.2662,PBE,6.55081237e-01
5.60000000e-01,0.5324,NN,1.37237489e+00
5.60000000e-01,0.5324,PBE,1.47807630e+00
5.60000000e-01,0.7985,NN,1.73140788e+00
5.60000000e-01,0.7985,PBE,1.73544779e+00
5.60000000e-01,1.0647,NN,1.99558473e+00
5.60000000e-01,1.0647,PBE,1.93923503e+00
5.60000000e-01,1.3308,NN,2.20209479e+00
5.60000000e-01,1.3308,PBE,2.24847357e+00
5.80000000e-01,0.2662,NN,8.12030792e-01
5.80000000e-01,0.2662,PBE,6.34597665e-01
5.80000000e-01,0.5324,NN,1.34058905e+00
5.80000000e-01,0.5324,PBE,1.44540779e+00
5.80000000e-01,0.7985,NN,1.69694781e+00
5.80000000e-01,0.7985,PBE,1.70110091e+00
5.80000000e-01,1.0647,NN,1.95977652e+00
5.80000000e-01,1.0647,PBE,1.90388104e+00
5.80000000e-01,1.3308,NN,2.16543126e+00
5.80000000e-01,1.3308,PBE,2.21186007e+00
6.00000000e-01,0.2662,NN,7.88826227e-01
6.00000000e-01,0.2662,PBE,6.15248147e-01
6.00000000e-01,0.5324,NN,1.31011093e+00
6.00000000e-01,0.5324,PBE,1.41401509e+00
6.00000000e-01,0.7985,NN,1.66375697e+00
6.00000000e-01,0.7985,PBE,1.66800479e+00
6.00000000e-01,1.0647,NN,1.92520869e+00
6.00000000e-01,1.0647,PBE,1.86976134e+00
6.00000000e-01,1.3308,NN,2.12999082e+00
6.00000000e-01,1.3308,PBE,2.17646412e+00
6.20000000e-01,0.2662,NN,7.66771913e-01
6.20000000e-01,0.2662,PBE,5.96943079e-01
6.20000000e-01,0.5324,NN,1.28085637e+00
6.20000000e-01,0.5324,PBE,1.38381743e+00
6.20000000e-01,0.7985,NN,1.63175738e+00
6.20000000e-01,0.7985,PBE,1.63608034e+00
6.20000000e-01,1.0647,NN,1.89180493e+00
6.20000000e-01,1.0647,PBE,1.83679745e+00
6.20000000e-01,1.3308,NN,2.09569740e+00
6.20000000e-01,1.3308,PBE,2.14220761e+00
6.40000000e-01,0.2662,NN,7.45785773e-01
6.40000000e-01,0.2662,PBE,5.79601824e-01
6.40000000e-01,0.5324,NN,1.25274658e+00
6.40000000e-01,0.5324,PBE,1.35474150e+00
6.40000000e-01,0.7985,NN,1.60087633e+00
6.40000000e-01,0.7985,PBE,1.60525589e+00
6.40000000e-01,1.0647,NN,1.85949504e+00
6.40000000e-01,1.0647,PBE,1.80491831e+00
6.40000000e-01,1.3308,NN,2.06248045e+00
6.40000000e-01,1.3308,PBE,2.10901988e+00
6.60000000e-01,0.2662,NN,7.25792468e-01
6.60000000e-01,0.2662,PBE,5.63151634e-01
6.60000000e-01,0.5324,NN,1.22571194e+00
6.60000000e-01,0.5324,PBE,1.32672052e+00
6.60000000e-01,0.7985,NN,1.57104743e+00
6.60000000e-01,0.7985,PBE,1.57546627e+00
6.60000000e-01,1.0647,NN,1.82821536e+00
6.60000000e-01,1.0647,PBE,1.77405938e+00
6.60000000e-01,1.3308,NN,2.03028154e+00
6.60000000e-01,1.3308,PBE,2.07683675e+00
6.80000000e-01,0.2662,NN,7.06724823e-01
6.80000000e-01,0.2662,PBE,5.47526728e-01
6.80000000e-01,0.5324,NN,1.19968843e+00
6.80000000e-01,0.5324,PBE,1.29969349e+00
6.80000000e-01,0.7985,NN,1.54221189e+00
6.80000000e-01,0.7985,PBE,1.54665205e+00
6.80000000e-01,1.0647,NN,1.79790831e+00
6.80000000e-01,1.0647,PBE,1.74416185e+00
6.80000000e-01,1.3308,NN,1.99903989e+00
6.80000000e-01,1.3308,PBE,2.04559982e+00
7.00000000e-01,0.2662,NN,6.88520074e-01
7.00000000e-01,0.2662,PBE,5.32667486e-01
7.00000000e-01,0.5324,NN,1.17461729e+00
7.00000000e-01,0.5324,PBE,1.27360449e+00
7.00000000e-01,0.7985,NN,1.51431346e+00
7.00000000e-01,0.7985,PBE,1.51875887e+00
7.00000000e-01,1.0647,NN,1.76851916e+00
7.00000000e-01,1.0647,PBE,1.71517197e+00
7.00000000e-01,1.3308,NN,1.96870387e+00
7.00000000e-01,1.3308,PBE,2.01525573e+00
7.20000000e-01,0.2662,NN,6.71122134e-01
7.20000000e-01,0.2662,PBE,5.18519760e-01
7.20000000e-01,0.5324,NN,1.15044427e+00
7.20000000e-01,0.5324,PBE,1.24840215e+00
7.20000000e-01,0.7985,NN,1.48730063e+00
7.20000000e-01,0.7985,PBE,1.49173687e+00
7.20000000e-01,1.0647,NN,1.74000025e+00
7.20000000e-01,1.0647,PBE,1.68704049e+00
7.20000000e-01,1.3308,NN,1.93922591e+00
7.20000000e-01,1.3308,PBE,1.98575564e+00
7.40000000e-01,0.2662,NN,6.54479444e-01
7.40000000e-01,0.2662,PBE,5.05034268e-01
7.40000000e-01,0.5324,NN,1.12711906e+00
7.40000000e-01,0.5324,PBE,1.22403915e+00
7.40000000e-01,0.7985,NN,1.46112823e+00
7.40000000e-01,0.7985,PBE,1.46554019e+00
7.40000000e-01,1.0647,NN,1.71230507e+00
7.40000000e-01,1.0647,PBE,1.65972218e+00
7.40000000e-01,1.3308,NN,1.91056049e+00
7.40000000e-01,1.3308,PBE,1.95705471e+00
7.60000000e-01,0.2662,NN,6.38544202e-01
7.60000000e-01,0.2662,PBE,4.92166074e-01
7.60000000e-01,0.5324,NN,1.10459602e+00
7.60000000e-01,0.5324,PBE,1.20047176e+00
7.60000000e-01,0.7985,NN,1.43575168e+00
7.60000000e-01,0.7985,PBE,1.44012656e+00
7.60000000e-01,1.0647,NN,1.68539202e+00
7.60000000e-01,1.0647,PBE,1.63317536e+00
7.60000000e-01,1.3308,NN,1.88266659e+00
7.60000000e-01,1.3308,PBE,1.92911169e+00
7.80000000e-01,0.2662,NN,6.23272777e-01
7.80000000e-01,0.2662,PBE,4.79874127e-01
7.80000000e-01,0.5324,NN,1.08283222e+00
7.80000000e-01,0.5324,PBE,1.17765954e+00
7.80000000e-01,0.7985,NN,1.41113186e+00
7.80000000e-01,0.7985,PBE,1.41545692e+00
7.80000000e-01,1.0647,NN,1.65922332e+00
7.80000000e-01,1.0647,PBE,1.60736158e+00
7.80000000e-01,1.3308,NN,1.85550666e+00
7.80000000e-01,1.3308,PBE,1.90188851e+00
8.00000000e-01,0.2662,NN,6.08625233e-01
8.00000000e-01,0.2662,PBE,4.68120856e-01
8.00000000e-01,0.5324,NN,1.06178856e+00
8.00000000e-01,0.5324,PBE,1.15556495e+00
8.00000000e-01,0.7985,NN,1.38723040e+00
8.00000000e-01,0.7985,PBE,1.39149507e+00
8.00000000e-01,1.0647,NN,1.63376093e+00
8.00000000e-01,1.0647,PBE,1.58224526e+00
8.00000000e-01,1.3308,NN,1.82904434e+00
8.00000000e-01,1.3308,PBE,1.87535002e+00
8.20000000e-01,0.2662,NN,5.94564617e-01
8.20000000e-01,0.2662,PBE,4.56871817e-01
8.20000000e-01,0.5324,NN,1.04142785e+00
8.20000000e-01,0.5324,PBE,1.13415309e+00
8.20000000e-01,0.7985,NN,1.36401284e+00
8.20000000e-01,0.7985,PBE,1.36820746e+00
8.20000000e-01,1.0647,NN,1.60897362e+00
8.20000000e-01,1.0647,PBE,1.55779341e+00
8.20000000e-01,1.3308,NN,1.80324781e+00
8.20000000e-01,1.3308,PBE,1.84946363e+00
8.40000000e-01,0.2662,NN,5.81056893e-01
8.40000000e-01,0.2662,PBE,4.46095383e-01
8.40000000e-01,0.5324,NN,1.02171636e+00
8.40000000e-01,0.5324,PBE,1.11339149e+00
8.40000000e-01,0.7985,NN,1.34144890e+00
8.40000000e-01,0.7985,PBE,1.34556284e+00
8.40000000e-01,1.0647,NN,1.58482993e+00
8.40000000e-01,1.0647,PBE,1.53397538e+00
8.40000000e-01,1.3308,NN,1.77808642e+00
8.40000000e-01,1.3308,PBE,1.82419914e+00
8.60000000e-01,0.2662,NN,5.68070173e-01
8.60000000e-01,0.2662,PBE,4.35762463e-01
8.60000000e-01,0.5324,NN,1.00262201e+00
8.60000000e-01,0.5324,PBE,1.09324983e+00
8.60000000e-01,0.7985,NN,1.31950533e+00
8.60000000e-01,0.7985,PBE,1.32353214e+00
8.60000000e-01,1.0647,NN,1.56129920e+00
8.60000000e-01,1.0647,PBE,1.51076268e+00
8.60000000e-01,1.3308,NN,1.75353110e+00
8.60000000e-01,1.3308,PBE,1.79952843e+00
8.80000000e-01,0.2662,NN,5.55575132e-01
8.80000000e-01,0.2662,PBE,4.25846264e-01
8.80000000e-01,0.5324,NN,9.84115183e-01
8.80000000e-01,0.5324,PBE,1.07369977e+00
8.80000000e-01,0.7985,NN,1.29815567e+00
8.80000000e-01,0.7985,PBE,1.30208818e+00
8.80000000e-01,1.0647,NN,1.53835595e+00
8.80000000e-01,1.0647,PBE,1.48812871e+00
8.80000000e-01,1.3308,NN,1.72955596e+00
8.80000000e-01,1.3308,PBE,1.77542534e+00
9.00000000e-01,0.2662,NN,5.43544948e-01
9.00000000e-01,0.2662,PBE,4.16322064e-01
9.00000000e-01,0.5324,NN,9.66168463e-01
9.00000000e-01,0.5324,PBE,1.05471480e+00
9.00000000e-01,0.7985,NN,1.27737451e+00
9.00000000e-01,0.7985,PBE,1.28120560e+00
9.00000000e-01,1.0647,NN,1.51597428e+00
9.00000000e-01,1.0647,PBE,1.46604865e+00
9.00000000e-01,1.3308,NN,1.70613647e+00
9.00000000e-01,1.3308,PBE,1.75186546e+00
9.20000000e-01,0.2662,NN,5.31954706e-01
9.20000000e-01,0.2662,PBE,4.07167027e-01
9.20000000e-01,0.5324,NN,9.48755085e-01
9.20000000e-01,0.5324,PBE,1.03627005e+00
9.20000000e-01,0.7985,NN,1.25713563e+00
9.20000000e-01,0.7985,PBE,1.26086061e+00
9.20000000e-01,1.0647,NN,1.49413037e+00
9.20000000e-01,1.0647,PBE,1.44449927e+00
9.20000000e-01,1.3308,NN,1.68324769e+00
9.20000000e-01,1.3308,PBE,1.72882597e+00
9.40000000e-01,0.2662,NN,5.20780623e-01
9.40000000e-01,0.2662,PBE,3.98360028e-01
9.40000000e-01,0.5324,NN,9.31851447e-01
9.40000000e-01,0.5324,PBE,1.01834218e+00
9.40000000e-01,0.7985,NN,1.23741663e+00
9.40000000e-01,0.7985,PBE,1.24103091e+00
9.40000000e-01,1.0647,NN,1.47280121e+00
9.40000000e-01,1.0647,PBE,1.42345881e+00
9.40000000e-01,1.3308,NN,1.66086817e+00
9.40000000e-01,1.3308,PBE,1.70628554e+00
9.60000000e-01,0.2662,NN,5.10000527e-01
9.60000000e-01,0.2662,PBE,3.89881496e-01
9.60000000e-01,0.5324,NN,9.15434837e-01
9.60000000e-01,0.5324,PBE,1.00090925e+00
9.60000000e-01,0.7985,NN,1.21819532e+00
9.60000000e-01,0.7985,PBE,1.22169555e+00
9.60000000e-01,1.0647,NN,1.45196712e+00
9.60000000e-01,1.0647,PBE,1.40290686e+00
9.60000000e-01,1.3308,NN,1.63897872e+00
9.60000000e-01,1.3308,PBE,1.68422416e+00
9.80000000e-01,0.2662,NN,4.99594569e-01
9.80000000e-01,0.2662,PBE,3.81713280e-01
9.80000000e-01,0.5324,NN,8.99483442e-01
9.80000000e-01,0.5324,PBE,9.83950590e-01
9.80000000e-01,0.7985,NN,1.19945252e+00
9.80000000e-01,0.7985,PBE,1.20283482e+00
9.80000000e-01,1.0647,NN,1.43160796e+00
9.80000000e-01,1.0647,PBE,1.38282423e+00
9.80000000e-01,1.3308,NN,1.61755896e+00
9.80000000e-01,1.3308,PBE,1.66262305e+00
1.00000000e+00,0.2662,NN,4.89543617e-01
1.00000000e+00,0.2662,PBE,3.73838521e-01
1.00000000e+00,0.5324,NN,8.83977294e-01
1.00000000e+00,0.5324,PBE,9.67446730e-01
1.00000000e+00,0.7985,NN,1.18116748e+00
1.00000000e+00,0.7985,PBE,1.18443017e+00
1.00000000e+00,1.0647,NN,1.41170478e+00
1.00000000e+00,1.0647,PBE,1.36319287e+00
1.00000000e+00,1.3308,NN,1.59659147e+00
1.00000000e+00,1.3308,PBE,1.64146458e+00
1.02000000e+00,0.2662,NN,4.79829967e-01
1.02000000e+00,0.2662,PBE,3.66241545e-01
1.02000000e+00,0.5324,NN,8.68897200e-01
1.02000000e+00,0.5324,PBE,9.51379292e-01
1.02000000e+00,0.7985,NN,1.16332245e+00
1.02000000e+00,0.7985,PBE,1.16646407e+00
1.02000000e+00,1.0647,NN,1.39223969e+00
1.02000000e+00,1.0647,PBE,1.34399577e+00
1.02000000e+00,1.3308,NN,1.57605803e+00
1.02000000e+00,1.3308,PBE,1.62073212e+00
1.04000000e+00,0.2662,NN,4.70436633e-01
1.04000000e+00,0.2662,PBE,3.58907758e-01
1.04000000e+00,0.5324,NN,8.54225516e-01
1.04000000e+00,0.5324,PBE,9.35730917e-01
1.04000000e+00,0.7985,NN,1.14590144e+00
1.04000000e+00,0.7985,PBE,1.14892001e+00
1.04000000e+00,1.0647,NN,1.37319744e+00
1.04000000e+00,1.0647,PBE,1.32521688e+00
1.04000000e+00,1.3308,NN,1.55594254e+00
1.04000000e+00,1.3308,PBE,1.60041006e+00
1.06000000e+00,0.2662,NN,4.61348802e-01
1.06000000e+00,0.2662,PBE,3.51823562e-01
1.06000000e+00,0.5324,NN,8.39945614e-01
1.06000000e+00,0.5324,PBE,9.20485187e-01
1.06000000e+00,0.7985,NN,1.12888670e+00
1.06000000e+00,0.7985,PBE,1.13178235e+00
1.06000000e+00,1.0647,NN,1.35456157e+00
1.06000000e+00,1.0647,PBE,1.30684104e+00
1.06000000e+00,1.3308,NN,1.53623068e+00
1.06000000e+00,1.3308,PBE,1.58048362e+00
1.08000000e+00,0.2662,NN,4.52551454e-01
1.08000000e+00,0.2662,PBE,3.44976267e-01
1.08000000e+00,0.5324,NN,8.26041043e-01
1.08000000e+00,0.5324,PBE,9.05626559e-01
1.08000000e+00,0.7985,NN,1.11226356e+00
1.08000000e+00,0.7985,PBE,1.11503628e+00
1.08000000e+00,1.0647,NN,1.33631706e+00
1.08000000e+00,1.0647,PBE,1.28885392e+00
1.08000000e+00,1.3308,NN,1.51690745e+00
1.08000000e+00,1.3308,PBE,1.56093888e+00
1.10000000e+00,0.2662,NN,4.44030643e-01
1.10000000e+00,0.2662,PBE,3.38354021e-01
1.10000000e+00,0.5324,NN,8.12497497e-01
1.10000000e+00,0.5324,PBE,8.91140306e-01
1.10000000e+00,0.7985,NN,1.09601796e+00
1.10000000e+00,0.7985,PBE,1.09866779e+00
1.10000000e+00,1.0647,NN,1.31845093e+00
1.10000000e+00,1.0647,PBE,1.27124195e+00
1.10000000e+00,1.3308,NN,1.49795914e+00
1.10000000e+00,1.3308,PBE,1.54176265e+00
1.12000000e+00,0.2662,NN,4.35774118e-01
1.12000000e+00,0.2662,PBE,3.31945742e-01
1.12000000e+00,0.5324,NN,7.99300253e-01
1.12000000e+00,0.5324,PBE,8.77012461e-01
1.12000000e+00,0.7985,NN,1.08013594e+00
1.12000000e+00,0.7985,PBE,1.08266358e+00
1.12000000e+00,1.0647,NN,1.30094862e+00
1.12000000e+00,1.0647,PBE,1.25399228e+00
1.12000000e+00,1.3308,NN,1.47937226e+00
1.12000000e+00,1.3308,PBE,1.52294247e+00
1.14000000e+00,0.2662,NN,4.27769274e-01
1.14000000e+00,0.2662,PBE,3.25741058e-01
1.14000000e+00,0.5324,NN,7.86435962e-01
1.14000000e+00,0.5324,PBE,8.63229765e-01
1.14000000e+00,0.7985,NN,1.06460392e+00
1.14000000e+00,0.7985,PBE,1.06701102e+00
1.14000000e+00,1.0647,NN,1.28379881e+00
1.14000000e+00,1.0647,PBE,1.23709269e+00
1.14000000e+00,1.3308,NN,1.46113586e+00
1.14000000e+00,1.3308,PBE,1.50446652e+00
1.16000000e+00,0.2662,NN,4.20005202e-01
1.16000000e+00,0.2662,PBE,3.19730252e-01
1.16000000e+00,0.5324,NN,7.73891926e-01
1.16000000e+00,0.5324,PBE,8.49779619e-01
1.16000000e+00,0.7985,NN,1.04941058e+00
1.16000000e+00,0.7985,PBE,1.05169811e+00
1.16000000e+00,1.0647,NN,1.26698852e+00
1.16000000e+00,1.0647,PBE,1.22053160e+00
1.16000000e+00,1.3308,NN,1.44323766e+00
1.16000000e+00,1.3308,PBE,1.48632361e+00
1.18000000e+00,0.2662,NN,4.12470996e-01
1.18000000e+00,0.2662,PBE,3.13904211e-01
1.18000000e+00,0.5324,NN,7.61656523e-01
1.18000000e+00,0.5324,PBE,8.36650048e-01
1.18000000e+00,0.7985,NN,1.03454328e+00
1.18000000e+00,0.7985,PBE,1.03671342e+00
1.18000000e+00,1.0647,NN,1.25050735e+00
1.18000000e+00,1.0647,PBE,1.20429800e+00
1.18000000e+00,1.3308,NN,1.42566597e+00
1.18000000e+00,1.3308,PBE,1.46850308e+00
1.20000000e+00,0.2662,NN,4.05156583e-01
1.20000000e+00,0.2662,PBE,3.08254380e-01
1.20000000e+00,0.5324,NN,7.49717236e-01
1.20000000e+00,0.5324,PBE,8.23829655e-01
1.20000000e+00,0.7985,NN,1.01999152e+00
1.20000000e+00,0.7985,PBE,1.02204610e+00
1.20000000e+00,1.0647,NN,1.23434377e+00
1.20000000e+00,1.0647,PBE,1.18838141e+00
1.20000000e+00,1.3308,NN,1.40841115e+00
1.20000000e+00,1.3308,PBE,1.45099484e+00
1.22000000e+00,0.2662,NN,3.98052424e-01
1.22000000e+00,0.2662,PBE,3.02772725e-01
1.22000000e+00,0.5324,NN,7.38064051e-01
1.22000000e+00,0.5324,PBE,8.11307585e-01
1.22000000e+00,0.7985,NN,1.00574410e+00
1.22000000e+00,0.7985,PBE,1.00768578e+00
1.22000000e+00,1.0647,NN,1.21848810e+00
1.22000000e+00,1.0647,PBE,1.17277184e+00
1.22000000e+00,1.3308,NN,1.39146245e+00
1.22000000e+00,1.3308,PBE,1.43378928e+00
1.24000000e+00,0.2662,NN,3.91149819e-01
1.24000000e+00,0.2662,PBE,2.97451687e-01
1.24000000e+00,0.5324,NN,7.26686239e-01
1.24000000e+00,0.5324,PBE,7.99073500e-01
1.24000000e+00,0.7985,NN,9.91791308e-01
1.24000000e+00,0.7985,PBE,9.93622574e-01
1.24000000e+00,1.0647,NN,1.20293045e+00
1.24000000e+00,1.0647,PBE,1.15745978e+00
1.24000000e+00,1.3308,NN,1.37481093e+00
1.24000000e+00,1.3308,PBE,1.41687724e+00
1.26000000e+00,0.2662,NN,3.84440124e-01
1.26000000e+00,0.2662,PBE,2.92284154e-01
1.26000000e+00,0.5324,NN,7.15574443e-01
1.26000000e+00,0.5324,PBE,7.87117536e-01
1.26000000e+00,0.7985,NN,9.78124142e-01
1.26000000e+00,0.7985,PBE,9.79847065e-01
1.26000000e+00,1.0647,NN,1.18766129e+00
1.26000000e+00,1.0647,PBE,1.14243616e+00
1.26000000e+00,1.3308,NN,1.35844731e+00
1.26000000e+00,1.3308,PBE,1.40025000e+00
1.28000000e+00,0.2662,NN,3.77915144e-01
1.28000000e+00,0.2662,PBE,2.87263427e-01
1.28000000e+00,0.5324,NN,7.04718709e-01
1.28000000e+00,0.5324,PBE,7.75430286e-01
1.28000000e+00,0.7985,NN,9.64731991e-01
1.28000000e+00,0.7985,PBE,9.66350242e-01
1.28000000e+00,1.0647,NN,1.17267168e+00
1.28000000e+00,1.0647,PBE,1.12769231e+00
1.28000000e+00,1.3308,NN,1.34236252e+00
1.28000000e+00,1.3308,PBE,1.38389927e+00
1.30000000e+00,0.2662,NN,3.71567249e-01
1.30000000e+00,0.2662,PBE,2.82383189e-01
1.30000000e+00,0.5324,NN,6.94110572e-01
1.30000000e+00,0.5324,PBE,7.64002766e-01
1.30000000e+00,0.7985,NN,9.51607645e-01
1.30000000e+00,0.7985,PBE,9.53123499e-01
1.30000000e+00,1.0647,NN,1.15795362e+00
1.30000000e+00,1.0647,PBE,1.11321996e+00
1.30000000e+00,1.3308,NN,1.32654953e+00
1.30000000e+00,1.3308,PBE,1.36781710e+00
1.32000000e+00,0.2662,NN,3.65389854e-01
1.32000000e+00,0.2662,PBE,2.77637484e-01
1.32000000e+00,0.5324,NN,6.83741212e-01
1.32000000e+00,0.5324,PBE,7.52826395e-01
1.32000000e+00,0.7985,NN,9.38741565e-01
1.32000000e+00,0.7985,PBE,9.40158601e-01
1.32000000e+00,1.0647,NN,1.14349866e+00
1.32000000e+00,1.0647,PBE,1.09901119e+00
1.32000000e+00,1.3308,NN,1.31099916e+00
1.32000000e+00,1.3308,PBE,1.35199592e+00
1.34000000e+00,0.2662,NN,3.59375596e-01
1.34000000e+00,0.2662,PBE,2.73020683e-01
1.34000000e+00,0.5324,NN,6.73603356e-01
1.34000000e+00,0.5324,PBE,7.41892968e-01
1.34000000e+00,0.7985,NN,9.26126480e-01
1.34000000e+00,0.7985,PBE,9.27447667e-01
1.34000000e+00,1.0647,NN,1.12929928e+00
1.34000000e+00,1.0647,PBE,1.08505842e+00
1.34000000e+00,1.3308,NN,1.29570484e+00
1.34000000e+00,1.3308,PBE,1.33642850e+00
1.36000000e+00,0.2662,NN,3.53518188e-01
1.36000000e+00,0.2662,PBE,2.68527471e-01
1.36000000e+00,0.5324,NN,6.63688183e-01
1.36000000e+00,0.5324,PBE,7.31194641e-01
1.36000000e+00,0.7985,NN,9.13754761e-01
1.36000000e+00,0.7985,PBE,9.14983150e-01
1.36000000e+00,1.0647,NN,1.11534822e+00
1.36000000e+00,1.0647,PBE,1.07135441e+00
1.36000000e+00,1.3308,NN,1.28065860e+00
1.36000000e+00,1.3308,PBE,1.32110792e+00
1.38000000e+00,0.2662,NN,3.47811669e-01
1.38000000e+00,0.2662,PBE,2.64152822e-01
1.38000000e+00,0.5324,NN,6.53988540e-01
1.38000000e+00,0.5324,PBE,7.20723906e-01
1.38000000e+00,0.7985,NN,9.01618481e-01
1.38000000e+00,0.7985,PBE,9.02757817e-01
1.38000000e+00,1.0647,NN,1.10163844e+00
1.38000000e+00,1.0647,PBE,1.05789219e+00
1.38000000e+00,1.3308,NN,1.26585364e+00
1.38000000e+00,1.3308,PBE,1.30602755e+00
1.40000000e+00,0.2662,NN,3.42250049e-01
1.40000000e+00,0.2662,PBE,2.59891976e-01
1.40000000e+00,0.5324,NN,6.44498169e-01
1.40000000e+00,0.5324,PBE,7.10473576e-01
1.40000000e+00,0.7985,NN,8.89711380e-01
1.40000000e+00,0.7985,PBE,8.90764733e-01
1.40000000e+00,1.0647,NN,1.08816230e+00
1.40000000e+00,1.0647,PBE,1.04466512e+00
1.40000000e+00,1.3308,NN,1.25128376e+00
1.40000000e+00,1.3308,PBE,1.29118105e+00
1.42000000e+00,0.2662,NN,3.36828053e-01
1.42000000e+00,0.2662,PBE,2.55740431e-01
1.42000000e+00,0.5324,NN,6.35209620e-01
1.42000000e+00,0.5324,PBE,7.00436765e-01
1.42000000e+00,0.7985,NN,8.78026664e-01
1.42000000e+00,0.7985,PBE,8.78997241e-01
1.42000000e+00,1.0647,NN,1.07491457e+00
1.42000000e+00,1.0647,PBE,1.03166680e+00
1.42000000e+00,1.3308,NN,1.23694289e+00
1.42000000e+00,1.3308,PBE,1.27656233e+00
1.44000000e+00,0.2662,NN,3.31540376e-01
1.44000000e+00,0.2662,PBE,2.51693916e-01
1.44000000e+00,0.5324,NN,6.26116753e-01
1.44000000e+00,0.5324,PBE,6.90606874e-01
1.44000000e+00,0.7985,NN,8.66557777e-01
1.44000000e+00,0.7985,PBE,8.67448955e-01
1.44000000e+00,1.0647,NN,1.06188834e+00
1.44000000e+00,1.0647,PBE,1.01889108e+00
1.44000000e+00,1.3308,NN,1.22282457e+00
1.44000000e+00,1.3308,PBE,1.26216558e+00
1.46000000e+00,0.2662,NN,3.26381832e-01
1.46000000e+00,0.2662,PBE,2.47748383e-01
1.46000000e+00,0.5324,NN,6.17213428e-01
1.46000000e+00,0.5324,PBE,6.80977578e-01
1.46000000e+00,0.7985,NN,8.55297923e-01
1.46000000e+00,0.7985,PBE,8.56113738e-01
1.46000000e+00,1.0647,NN,1.04907811e+00
1.46000000e+00,1.0647,PBE,1.00633209e+00
1.46000000e+00,1.3308,NN,1.20892298e+00
1.46000000e+00,1.3308,PBE,1.24798519e+00
1.48000000e+00,0.2662,NN,3.21347803e-01
1.48000000e+00,0.2662,PBE,2.43899993e-01
1.48000000e+00,0.5324,NN,6.08493984e-01
1.48000000e+00,0.5324,PBE,6.71542808e-01
1.48000000e+00,0.7985,NN,8.44242871e-01
1.48000000e+00,0.7985,PBE,8.44985694e-01
1.48000000e+00,1.0647,NN,1.03647733e+00
1.48000000e+00,1.0647,PBE,9.93984137e-01
1.48000000e+00,1.3308,NN,1.19523263e+00
1.48000000e+00,1.3308,PBE,1.23401580e+00
1.50000000e+00,0.2662,NN,3.16433817e-01
1.50000000e+00,0.2662,PBE,2.40145097e-01
1.50000000e+00,0.5324,NN,5.99951982e-01
1.50000000e+00,0.5324,PBE,6.62296739e-01
1.50000000e+00,0.7985,NN,8.33386064e-01
1.50000000e+00,0.7985,PBE,8.34059153e-01
1.50000000e+00,1.0647,NN,1.02408183e+00
1.50000000e+00,1.0647,PBE,9.81841788e-01
1.50000000e+00,1.3308,NN,1.18174827e+00
1.50000000e+00,1.3308,PBE,1.22025225e+00
1.52000000e+00,0.2662,NN,3.11635762e-01
1.52000000e+00,0.2662,PBE,2.36480231e-01
1.52000000e+00,0.5324,NN,5.91582716e-01
1.52000000e+00,0.5324,PBE,6.53233781e-01
1.52000000e+00,0.7985,NN,8.22721481e-01
1.52000000e+00,0.7985,PBE,8.23328660e-01
1.52000000e+00,1.0647,NN,1.01188540e+00
1.52000000e+00,1.0647,PBE,9.69899797e-01
1.52000000e+00,1.3308,NN,1.16846526e+00
1.52000000e+00,1.3308,PBE,1.20668957e+00
1.54000000e+00,0.2662,NN,3.06948990e-01
1.54000000e+00,0.2662,PBE,2.32902100e-01
1.54000000e+00,0.5324,NN,5.83381176e-01
1.54000000e+00,0.5324,PBE,6.44348564e-01
1.54000000e+00,0.7985,NN,8.12244713e-01
1.54000000e+00,0.7985,PBE,8.12788969e-01
1.54000000e+00,1.0647,NN,9.99882996e-01
1.54000000e+00,1.0647,PBE,9.58153115e-01
1.54000000e+00,1.3308,NN,1.15537786e+00
1.54000000e+00,1.3308,PBE,1.19332300e+00
1.56000000e+00,0.2662,NN,3.02370310e-01
1.56000000e+00,0.2662,PBE,2.29407571e-01
1.56000000e+00,0.5324,NN,5.75341403e-01
1.56000000e+00,0.5324,PBE,6.35635926e-01
1.56000000e+00,0.7985,NN,8.01950514e-01
1.56000000e+00,0.7985,PBE,8.02435024e-01
1.56000000e+00,1.0647,NN,9.88070071e-01
1.56000000e+00,1.0647,PBE,9.46596883e-01
1.56000000e+00,1.3308,NN,1.14248168e+00
1.56000000e+00,1.3308,PBE,1.18014794e+00
1.58000000e+00,0.2662,NN,2.97895551e-01
1.58000000e+00,0.2662,PBE,2.25993663e-01
1.58000000e+00,0.5324,NN,5.67459762e-01
1.58000000e+00,0.5324,PBE,6.27090908e-01
1.58000000e+00,0.7985,NN,7.91834056e-01
1.58000000e+00,0.7985,PBE,7.92261958e-01
1.58000000e+00,1.0647,NN,9.76442218e-01
1.58000000e+00,1.0647,PBE,9.35226414e-01
1.58000000e+00,1.3308,NN,1.12977207e+00
1.58000000e+00,1.3308,PBE,1.16715998e+00
1.60000000e+00,0.2662,NN,2.93521315e-01
1.60000000e+00,0.2662,PBE,2.22657534e-01
1.60000000e+00,0.5324,NN,5.59731185e-01
1.60000000e+00,0.5324,PBE,6.18708741e-01
1.60000000e+00,0.7985,NN,7.81890810e-01
1.60000000e+00,0.7985,PBE,7.82265081e-01
1.60000000e+00,1.0647,NN,9.64994609e-01
1.60000000e+00,1.0647,PBE,9.24037192e-01
1.60000000e+00,1.3308,NN,1.11724508e+00
1.60000000e+00,1.3308,PBE,1.15435486e+00
1.62000000e+00,0.2662,NN,2.89244086e-01
1.62000000e+00,0.2662,PBE,2.19396479e-01
1.62000000e+00,0.5324,NN,5.52151263e-01
1.62000000e+00,0.5324,PBE,6.10484836e-01
1.62000000e+00,0.7985,NN,7.72116184e-01
1.62000000e+00,0.7985,PBE,7.72439870e-01
1.62000000e+00,1.0647,NN,9.53722537e-01
1.62000000e+00,1.0647,PBE,9.13024860e-01
1.62000000e+00,1.3308,NN,1.10489583e+00
1.62000000e+00,1.3308,PBE,1.14172848e+00
1.64000000e+00,0.2662,NN,2.85060853e-01
1.64000000e+00,0.2662,PBE,2.16207917e-01
1.64000000e+00,0.5324,NN,5.44715583e-01
1.64000000e+00,0.5324,PBE,6.02414777e-01
1.64000000e+00,0.7985,NN,7.62506068e-01
1.64000000e+00,0.7985,PBE,7.62781963e-01
1.64000000e+00,1.0647,NN,9.42621827e-01
1.64000000e+00,1.0647,PBE,9.02185215e-01
1.64000000e+00,1.3308,NN,1.09272122e+00
1.64000000e+00,1.3308,PBE,1.12927686e+00
1.66000000e+00,0.2662,NN,2.80968308e-01
1.66000000e+00,0.2662,PBE,2.13089387e-01
1.66000000e+00,0.5324,NN,5.37420630e-01
1.66000000e+00,0.5324,PBE,5.94494314e-01
1.66000000e+00,0.7985,NN,7.53056169e-01
1.66000000e+00,0.7985,PBE,7.53287152e-01
1.66000000e+00,1.0647,NN,9.31689143e-01
1.66000000e+00,1.0647,PBE,8.91514196e-01
1.66000000e+00,1.3308,NN,1.08071661e+00
1.66000000e+00,1.3308,PBE,1.11699621e+00
1.68000000e+00,0.2662,NN,2.76963651e-01
1.68000000e+00,0.2662,PBE,2.10038540e-01
1.68000000e+00,0.5324,NN,5.30261993e-01
1.68000000e+00,0.5324,PBE,5.86719354e-01
1.68000000e+00,0.7985,NN,7.43762553e-01
1.68000000e+00,0.7985,PBE,7.43951376e-01
1.68000000e+00,1.0647,NN,9.20920551e-01
1.68000000e+00,1.0647,PBE,8.81007885e-01
1.68000000e+00,1.3308,NN,1.06887794e+00
1.68000000e+00,1.3308,PBE,1.10488283e+00
1.70000000e+00,0.2662,NN,2.73043811e-01
1.70000000e+00,0.2662,PBE,2.07053133e-01
1.70000000e+00,0.5324,NN,5.23236215e-01
1.70000000e+00,0.5324,PBE,5.79085953e-01
1.70000000e+00,0.7985,NN,7.34621584e-01
1.70000000e+00,0.7985,PBE,7.34770713e-01
1.70000000e+00,1.0647,NN,9.10311818e-01
1.70000000e+00,1.0647,PBE,8.70662493e-01
1.70000000e+00,1.3308,NN,1.05720258e+00
1.70000000e+00,1.3308,PBE,1.09293316e+00
1.72000000e+00,0.2662,NN,2.69206285e-01
1.72000000e+00,0.2662,PBE,2.04131023e-01
1.72000000e+00,0.5324,NN,5.16339421e-01
1.72000000e+00,0.5324,PBE,5.71590312e-01
1.72000000e+00,0.7985,NN,7.25629032e-01
1.72000000e+00,0.7985,PBE,7.25741376e-01
1.72000000e+00,1.0647,NN,8.99859607e-01
1.72000000e+00,1.0647,PBE,8.60474358e-01
1.72000000e+00,1.3308,NN,1.04568613e+00
1.72000000e+00,1.3308,PBE,1.08114376e+00
1.74000000e+00,0.2662,NN,2.65448511e-01
1.74000000e+00,0.2662,PBE,2.01270162e-01
1.74000000e+00,0.5324,NN,5.09568393e-01
1.74000000e+00,0.5324,PBE,5.64228768e-01
1.74000000e+00,0.7985,NN,7.16781974e-01
1.74000000e+00,0.7985,PBE,7.16859704e-01
1.74000000e+00,1.0647,NN,8.89560461e-01
1.74000000e+00,1.0647,PBE,8.50439941e-01
1.74000000e+00,1.3308,NN,1.03432584e+00
1.74000000e+00,1.3308,PBE,1.06951132e+00
1.76000000e+00,0.2662,NN,2.61767924e-01
1.76000000e+00,0.2662,PBE,1.98468590e-01
1.76000000e+00,0.5324,NN,5.02919674e-01
1.76000000e+00,0.5324,PBE,5.56997788e-01
1.76000000e+00,0.7985,NN,7.08076000e-01
1.76000000e+00,0.7985,PBE,7.08122161e-01
1.76000000e+00,1.0647,NN,8.79410684e-01
1.76000000e+00,1.0647,PBE,8.40555815e-01
1.76000000e+00,1.3308,NN,1.02311802e+00
1.76000000e+00,1.3308,PBE,1.05803261e+00
1.78000000e+00,0.2662,NN,2.58162081e-01
1.78000000e+00,0.2662,PBE,1.95724434e-01
1.78000000e+00,0.5324,NN,4.96390253e-01
1.78000000e+00,0.5324,PBE,5.49893966e-01
1.78000000e+00,0.7985,NN,6.99508786e-01
1.78000000e+00,0.7985,PBE,6.99525325e-01
1.78000000e+00,1.0647,NN,8.69407415e-01
1.78000000e+00,1.0647,PBE,8.30818666e-01
1.78000000e+00,1.3308,NN,1.01205969e+00
1.78000000e+00,1.3308,PBE,1.04670452e+00
1.80000000e+00,0.2662,NN,2.54628628e-01
1.80000000e+00,0.2662,PBE,1.93035899e-01
1.80000000e+00,0.5324,NN,4.89976615e-01
1.80000000e+00,0.5324,PBE,5.42914014e-01
1.80000000e+00,0.7985,NN,6.91077113e-01
1.80000000e+00,0.7985,PBE,6.91065889e-01
1.80000000e+00,1.0647,NN,8.59547138e-01
1.80000000e+00,1.0647,PBE,8.21225286e-01
1.80000000e+00,1.3308,NN,1.00114810e+00
1.80000000e+00,1.3308,PBE,1.03552405e+00
1.82000000e+00,0.2662,NN,2.51165718e-01
1.82000000e+00,0.2662,PBE,1.90401267e-01
1.82000000e+00,0.5324,NN,4.83675927e-01
1.82000000e+00,0.5324,PBE,5.36054760e-01
1.82000000e+00,0.7985,NN,6.82776988e-01
1.82000000e+00,0.7985,PBE,6.82740654e-01
1.82000000e+00,1.0647,NN,8.49827468e-01
1.82000000e+00,1.0647,PBE,8.11772567e-01
1.82000000e+00,1.3308,NN,9.90379333e-01
1.82000000e+00,1.3308,PBE,1.02448828e+00
1.84000000e+00,0.2662,NN,2.47770950e-01
1.84000000e+00,0.2662,PBE,1.87818893e-01
1.84000000e+00,0.5324,NN,4.77485359e-01
1.84000000e+00,0.5324,PBE,5.29313140e-01
1.84000000e+00,0.7985,NN,6.74606204e-01
1.84000000e+00,0.7985,PBE,6.74546521e-01
1.84000000e+00,1.0647,NN,8.40244472e-01
1.84000000e+00,1.0647,PBE,8.02457499e-01
1.84000000e+00,1.3308,NN,9.79751647e-01
1.84000000e+00,1.3308,PBE,1.01359439e+00
1.86000000e+00,0.2662,NN,2.44442403e-01
1.86000000e+00,0.2662,PBE,1.85287197e-01
1.86000000e+00,0.5324,NN,4.71401840e-01
1.86000000e+00,0.5324,PBE,5.22686196e-01
1.86000000e+00,0.7985,NN,6.66561484e-01
1.86000000e+00,0.7985,PBE,6.66480492e-01
1.86000000e+00,1.0647,NN,8.30796123e-01
1.86000000e+00,1.0647,PBE,7.93277163e-01
1.86000000e+00,1.3308,NN,9.69261885e-01
1.86000000e+00,1.3308,PBE,1.00283965e+00
1.88000000e+00,0.2662,NN,2.41178021e-01
1.88000000e+00,0.2662,PBE,1.82804668e-01
1.88000000e+00,0.5324,NN,4.65423256e-01
1.88000000e+00,0.5324,PBE,5.16171071e-01
1.88000000e+00,0.7985,NN,6.58639967e-01
1.88000000e+00,0.7985,PBE,6.58539664e-01
1.88000000e+00,1.0647,NN,8.21479619e-01
1.88000000e+00,1.0647,PBE,7.84228733e-01
1.88000000e+00,1.3308,NN,9.58907306e-01
1.88000000e+00,1.3308,PBE,9.92221393e-01
1.90000000e+00,0.2662,NN,2.37976149e-01
1.90000000e+00,0.2662,PBE,1.80369853e-01
1.90000000e+00,0.5324,NN,4.59546566e-01
1.90000000e+00,0.5324,PBE,5.09765003e-01
1.90000000e+00,0.7985,NN,6.50838912e-01
1.90000000e+00,0.7985,PBE,6.50721226e-01
1.90000000e+00,1.0647,NN,8.12291622e-01
1.90000000e+00,1.0647,PBE,7.75309465e-01
1.90000000e+00,1.3308,NN,9.48684990e-01
1.90000000e+00,1.3308,PBE,9.81737063e-01
1.92000000e+00,0.2662,NN,2.34834760e-01
1.92000000e+00,0.2662,PBE,1.77981360e-01
1.92000000e+00,0.5324,NN,4.53769088e-01
1.92000000e+00,0.5324,PBE,5.03465324e-01
1.92000000e+00,0.7985,NN,6.43156230e-01
1.92000000e+00,0.7985,PBE,6.43022451e-01
1.92000000e+00,1.0647,NN,8.03229928e-01
1.92000000e+00,1.0647,PBE,7.66516700e-01
1.92000000e+00,1.3308,NN,9.38592970e-01
1.92000000e+00,1.3308,PBE,9.71384162e-01
1.94000000e+00,0.2662,NN,2.31752470e-01
1.94000000e+00,0.2662,PBE,1.75637851e-01
1.94000000e+00,0.5324,NN,4.48088825e-01
1.94000000e+00,0.5324,PBE,4.97269453e-01
1.94000000e+00,0.7985,NN,6.35588408e-01
1.94000000e+00,0.7985,PBE,6.35440699e-01
1.94000000e+00,1.0647,NN,7.94292331e-01
1.94000000e+00,1.0647,PBE,7.57847856e-01
1.94000000e+00,1.3308,NN,9.28628743e-01
1.94000000e+00,1.3308,PBE,9.61160269e-01
1.96000000e+00,0.2662,NN,2.28727251e-01
1.96000000e+00,0.2662,PBE,1.73338042e-01
1.96000000e+00,0.5324,NN,4.42503512e-01
1.96000000e+00,0.5324,PBE,4.91174894e-01
1.96000000e+00,0.7985,NN,6.28133833e-01
1.96000000e+00,0.7985,PBE,6.27973411e-01
1.96000000e+00,1.0647,NN,7.85476148e-01
1.96000000e+00,1.0647,PBE,7.49300429e-01
1.96000000e+00,1.3308,NN,9.18789387e-01
1.96000000e+00,1.3308,PBE,9.51063034e-01
1.98000000e+00,0.2662,NN,2.25757614e-01
1.98000000e+00,0.2662,PBE,1.71080697e-01
1.98000000e+00,0.5324,NN,4.37009990e-01
1.98000000e+00,0.5324,PBE,4.85179234e-01
1.98000000e+00,0.7985,NN,6.20789409e-01
1.98000000e+00,0.7985,PBE,6.20618103e-01
1.98000000e+00,1.0647,NN,7.76778638e-01
1.98000000e+00,1.0647,PBE,7.40871985e-01
1.98000000e+00,1.3308,NN,9.09073412e-01
1.98000000e+00,1.3308,PBE,9.41090176e-01
2.00000000e+00,0.2662,NN,2.22842276e-01
2.00000000e+00,0.2662,PBE,1.68864630e-01
2.00000000e+00,0.5324,NN,4.31607157e-01
2.00000000e+00,0.5324,PBE,4.79280137e-01
2.00000000e+00,0.7985,NN,6.13553345e-01
2.00000000e+00,0.7985,PBE,6.13372369e-01
2.00000000e+00,1.0647,NN,7.68197954e-01
2.00000000e+00,1.0647,PBE,7.32560163e-01
2.00000000e+00,1.3308,NN,8.99477959e-01
2.00000000e+00,1.3308,PBE,9.31239480e-01
2.02000000e+00,0.2662,NN,2.19979450e-01
2.02000000e+00,0.2662,PBE,1.66688700e-01
2.02000000e+00,0.5324,NN,4.26292241e-01
2.02000000e+00,0.5324,PBE,4.73475344e-01
2.02000000e+00,0.7985,NN,6.06422961e-01
2.02000000e+00,0.7985,PBE,6.06233872e-01
2.02000000e+00,1.0647,NN,7.59731650e-01
2.02000000e+00,1.0647,PBE,7.24362667e-01
2.02000000e+00,1.3308,NN,8.90001357e-01
2.02000000e+00,1.3308,PBE,9.21508789e-01
2.04000000e+00,0.2662,NN,2.17167839e-01
2.04000000e+00,0.2662,PBE,1.64551809e-01
2.04000000e+00,0.5324,NN,4.21063304e-01
2.04000000e+00,0.5324,PBE,4.67762665e-01
2.04000000e+00,0.7985,NN,5.99396586e-01
2.04000000e+00,0.7985,PBE,5.99200346e-01
2.04000000e+00,1.0647,NN,7.51377642e-01
2.04000000e+00,1.0647,PBE,7.16277269e-01
2.04000000e+00,1.3308,NN,8.80640447e-01
2.04000000e+00,1.3308,PBE,9.11896012e-01
2.06000000e+00,0.2662,NN,2.14406118e-01
2.06000000e+00,0.2662,PBE,1.62452900e-01
2.06000000e+00,0.5324,NN,4.15918320e-01
2.06000000e+00,0.5324,PBE,4.62139981e-01
2.06000000e+00,0.7985,NN,5.92471480e-01
2.06000000e+00,0.7985,PBE,5.92269590e-01
2.06000000e+00,1.0647,NN,7.43134201e-01
2.06000000e+00,1.0647,PBE,7.08301801e-01
2.06000000e+00,1.3308,NN,8.71395230e-01
2.06000000e+00,1.3308,PBE,9.02399112e-01
2.08000000e+00,0.2662,NN,2.11692810e-01
2.08000000e+00,0.2662,PBE,1.60390957e-01
2.08000000e+00,0.5324,NN,4.10855591e-01
2.08000000e+00,0.5324,PBE,4.56605241e-01
2.08000000e+00,0.7985,NN,5.85646033e-01
2.08000000e+00,0.7985,PBE,5.85439468e-01
2.08000000e+00,1.0647,NN,7.34998584e-01
2.08000000e+00,1.0647,PBE,7.00434156e-01
2.08000000e+00,1.3308,NN,8.62261832e-01
2.08000000e+00,1.3308,PBE,8.93016109e-01
2.10000000e+00,0.2662,NN,2.09026888e-01
2.10000000e+00,0.2662,PBE,1.58365000e-01
2.10000000e+00,0.5324,NN,4.05873060e-01
2.10000000e+00,0.5324,PBE,4.51156456e-01
2.10000000e+00,0.7985,NN,5.78918099e-01
2.10000000e+00,0.7985,PBE,5.78707905e-01
2.10000000e+00,1.0647,NN,7.26969123e-01
2.10000000e+00,1.0647,PBE,6.92672285e-01
2.10000000e+00,1.3308,NN,8.53239179e-01
2.10000000e+00,1.3308,PBE,8.83745075e-01
2.12000000e+00,0.2662,NN,2.06407070e-01
2.12000000e+00,0.2662,PBE,1.56374085e-01
2.12000000e+00,0.5324,NN,4.00968850e-01
2.12000000e+00,0.5324,PBE,4.45791699e-01
2.12000000e+00,0.7985,NN,5.72285771e-01
2.12000000e+00,0.7985,PBE,5.72072887e-01
2.12000000e+00,1.0647,NN,7.19043970e-01
2.12000000e+00,1.0647,PBE,6.85014196e-01
2.12000000e+00,1.3308,NN,8.44325066e-01
2.12000000e+00,1.3308,PBE,8.74584135e-01
2.14000000e+00,0.2662,NN,2.03831956e-01
2.14000000e+00,0.2662,PBE,1.54417303e-01
2.14000000e+00,0.5324,NN,3.96141410e-01
2.14000000e+00,0.5324,PBE,4.40509104e-01
2.14000000e+00,0.7985,NN,5.65746963e-01
2.14000000e+00,0.7985,PBE,5.65532456e-01
2.14000000e+00,1.0647,NN,7.11221099e-01
2.14000000e+00,1.0647,PBE,6.77457949e-01
2.14000000e+00,1.3308,NN,8.35517526e-01
2.14000000e+00,1.3308,PBE,8.65531463e-01
2.16000000e+00,0.2662,NN,2.01300591e-01
2.16000000e+00,0.2662,PBE,1.52493776e-01
2.16000000e+00,0.5324,NN,3.91388804e-01
2.16000000e+00,0.5324,PBE,4.35306859e-01
2.16000000e+00,0.7985,NN,5.59299886e-01
2.16000000e+00,0.7985,PBE,5.59084710e-01
2.16000000e+00,1.0647,NN,7.03498900e-01
2.16000000e+00,1.0647,PBE,6.70001657e-01
2.16000000e+00,1.3308,NN,8.26815605e-01
2.16000000e+00,1.3308,PBE,8.56585281e-01
2.18000000e+00,0.2662,NN,1.98811874e-01
2.18000000e+00,0.2662,PBE,1.50602660e-01
2.18000000e+00,0.5324,NN,3.86709541e-01
2.18000000e+00,0.5324,PBE,4.30183209e-01
2.18000000e+00,0.7985,NN,5.52943051e-01
2.18000000e+00,0.7985,PBE,5.52727799e-01
2.18000000e+00,1.0647,NN,6.95875347e-01
2.18000000e+00,1.0647,PBE,6.62643484e-01
2.18000000e+00,1.3308,NN,8.18216443e-01
2.18000000e+00,1.3308,PBE,8.47743857e-01
2.20000000e+00,0.2662,NN,1.96364596e-01
2.20000000e+00,0.2662,PBE,1.48743138e-01
2.20000000e+00,0.5324,NN,3.82102102e-01
2.20000000e+00,0.5324,PBE,4.25136451e-01
2.20000000e+00,0.7985,NN,5.46674311e-01
2.20000000e+00,0.7985,PBE,5.46459925e-01
2.20000000e+00,1.0647,NN,6.88348651e-01
2.20000000e+00,1.0647,PBE,6.55381641e-01
2.20000000e+00,1.3308,NN,8.09719324e-01
2.20000000e+00,1.3308,PBE,8.39005501e-01
2.22000000e+00,0.2662,NN,1.93957835e-01
2.22000000e+00,0.2662,PBE,1.46914423e-01
2.22000000e+00,0.5324,NN,3.77564728e-01
2.22000000e+00,0.5324,PBE,4.20164933e-01
2.22000000e+00,0.7985,NN,5.40492177e-01
2.22000000e+00,0.7985,PBE,5.40279341e-01
2.22000000e+00,1.0647,NN,6.80917442e-01
2.22000000e+00,1.0647,PBE,6.48214387e-01
2.22000000e+00,1.3308,NN,8.01321983e-01
2.22000000e+00,1.3308,PBE,8.30368570e-01
2.24000000e+00,0.2662,NN,1.91590756e-01
2.24000000e+00,0.2662,PBE,1.45115756e-01
2.24000000e+00,0.5324,NN,3.73095989e-01
2.24000000e+00,0.5324,PBE,4.15267052e-01
2.24000000e+00,0.7985,NN,5.34394741e-01
2.24000000e+00,0.7985,PBE,5.34184346e-01
2.24000000e+00,1.0647,NN,6.73579872e-01
2.24000000e+00,1.0647,PBE,6.41140024e-01
2.24000000e+00,1.3308,NN,7.93023467e-01
2.24000000e+00,1.3308,PBE,8.21831457e-01
2.26000000e+00,0.2662,NN,1.89262018e-01
2.26000000e+00,0.2662,PBE,1.43346402e-01
2.26000000e+00,0.5324,NN,3.68694484e-01
2.26000000e+00,0.5324,PBE,4.10441253e-01
2.26000000e+00,0.7985,NN,5.28381050e-01
2.26000000e+00,0.7985,PBE,5.28173286e-01
2.26000000e+00,1.0647,NN,6.66334271e-01
2.26000000e+00,1.0647,PBE,6.34156901e-01
2.26000000e+00,1.3308,NN,7.84821391e-01
2.26000000e+00,1.3308,PBE,8.13392599e-01
2.28000000e+00,0.2662,NN,1.86971083e-01
2.28000000e+00,0.2662,PBE,1.41605653e-01
2.28000000e+00,0.5324,NN,3.64358753e-01
2.28000000e+00,0.5324,PBE,4.05686024e-01
2.28000000e+00,0.7985,NN,5.22448838e-01
2.28000000e+00,0.7985,PBE,5.22244552e-01
2.28000000e+00,1.0647,NN,6.59179330e-01
2.28000000e+00,1.0647,PBE,6.27263406e-01
2.28000000e+00,1.3308,NN,7.76714683e-01
2.28000000e+00,1.3308,PBE,8.05050470e-01
2.30000000e+00,0.2662,NN,1.84716851e-01
2.30000000e+00,0.2662,PBE,1.39892823e-01
2.30000000e+00,0.5324,NN,3.60087365e-01
2.30000000e+00,0.5324,PBE,4.00999900e-01
2.30000000e+00,0.7985,NN,5.16596854e-01
2.30000000e+00,0.7985,PBE,5.16396577e-01
2.30000000e+00,1.0647,NN,6.52113140e-01
2.30000000e+00,1.0647,PBE,6.20457969e-01
2.30000000e+00,1.3308,NN,7.68701851e-01
2.30000000e+00,1.3308,PBE,7.96803579e-01
2.32000000e+00,0.2662,NN,1.82498440e-01
2.32000000e+00,0.2662,PBE,1.38207252e-01
2.32000000e+00,0.5324,NN,3.55878979e-01
2.32000000e+00,0.5324,PBE,3.96381455e-01
2.32000000e+00,0.7985,NN,5.10823667e-01
2.32000000e+00,0.7985,PBE,5.10627836e-01
2.32000000e+00,1.0647,NN,6.45134747e-01
2.32000000e+00,1.0647,PBE,6.13739061e-01
2.32000000e+00,1.3308,NN,7.60781467e-01
2.32000000e+00,1.3308,PBE,7.88650474e-01
2.34000000e+00,0.2662,NN,1.80315092e-01
2.34000000e+00,0.2662,PBE,1.36548298e-01
2.34000000e+00,0.5324,NN,3.51732463e-01
2.34000000e+00,0.5324,PBE,3.91829306e-01
2.34000000e+00,0.7985,NN,5.05127966e-01
2.34000000e+00,0.7985,PBE,5.04936846e-01
2.34000000e+00,1.0647,NN,6.38242126e-01
2.34000000e+00,1.0647,PBE,6.07105187e-01
2.34000000e+00,1.3308,NN,7.52951980e-01
2.34000000e+00,1.3308,PBE,7.80589735e-01
2.36000000e+00,0.2662,NN,1.78165957e-01
2.36000000e+00,0.2662,PBE,1.34915343e-01
2.36000000e+00,0.5324,NN,3.47646385e-01
2.36000000e+00,0.5324,PBE,3.87342110e-01
2.36000000e+00,0.7985,NN,4.99508053e-01
2.36000000e+00,0.7985,PBE,4.99322160e-01
2.36000000e+00,1.0647,NN,6.31434083e-01
2.36000000e+00,1.0647,PBE,6.00554893e-01
2.36000000e+00,1.3308,NN,7.45212376e-01
2.36000000e+00,1.3308,PBE,7.72619976e-01
2.38000000e+00,0.2662,NN,1.76050365e-01
2.38000000e+00,0.2662,PBE,1.33307787e-01
2.38000000e+00,0.5324,NN,3.43619436e-01
2.38000000e+00,0.5324,PBE,3.82918557e-01
2.38000000e+00,0.7985,NN,4.93962646e-01
2.38000000e+00,0.7985,PBE,4.93782371e-01
2.38000000e+00,1.0647,NN,6.24709487e-01
2.38000000e+00,1.0647,PBE,5.94086759e-01
2.38000000e+00,1.3308,NN,7.37560749e-01
2.38000000e+00,1.3308,PBE,7.64739844e-01
2.40000000e+00,0.2662,NN,1.73967317e-01
2.40000000e+00,0.2662,PBE,1.31725053e-01
2.40000000e+00,0.5324,NN,3.39650661e-01
2.40000000e+00,0.5324,PBE,3.78557380e-01
2.40000000e+00,0.7985,NN,4.88490283e-01
2.40000000e+00,0.7985,PBE,4.88316106e-01
2.40000000e+00,1.0647,NN,6.18066728e-01
2.40000000e+00,1.0647,PBE,5.87699399e-01
2.40000000e+00,1.3308,NN,7.29995787e-01
2.40000000e+00,1.3308,PBE,7.56948015e-01
2.42000000e+00,0.2662,NN,1.71916157e-01
2.42000000e+00,0.2662,PBE,1.30166577e-01
2.42000000e+00,0.5324,NN,3.35738778e-01
2.42000000e+00,0.5324,PBE,3.74257343e-01
2.42000000e+00,0.7985,NN,4.83089894e-01
2.42000000e+00,0.7985,PBE,4.82922030e-01
2.42000000e+00,1.0647,NN,6.11504316e-01
2.42000000e+00,1.0647,PBE,5.81391460e-01
2.42000000e+00,1.3308,NN,7.22516775e-01
2.42000000e+00,1.3308,PBE,7.49243199e-01
2.44000000e+00,0.2662,NN,1.69896364e-01
2.44000000e+00,0.2662,PBE,1.28631819e-01
2.44000000e+00,0.5324,NN,3.31882626e-01
2.44000000e+00,0.5324,PBE,3.70017246e-01
2.44000000e+00,0.7985,NN,4.77760404e-01
2.44000000e+00,0.7985,PBE,4.77598840e-01
2.44000000e+00,1.0647,NN,6.05021417e-01
2.44000000e+00,1.0647,PBE,5.75161623e-01
2.44000000e+00,1.3308,NN,7.15122283e-01
2.44000000e+00,1.3308,PBE,7.41624130e-01
2.46000000e+00,0.2662,NN,1.67907089e-01
2.46000000e+00,0.2662,PBE,1.27120251e-01
2.46000000e+00,0.5324,NN,3.28081220e-01
2.46000000e+00,0.5324,PBE,3.65835920e-01
2.46000000e+00,0.7985,NN,4.72500116e-01
2.46000000e+00,0.7985,PBE,4.72345266e-01
2.46000000e+00,1.0647,NN,5.98616004e-01
2.46000000e+00,1.0647,PBE,5.69008600e-01
2.46000000e+00,1.3308,NN,7.07810640e-01
2.46000000e+00,1.3308,PBE,7.34089575e-01
2.48000000e+00,0.2662,NN,1.65947601e-01
2.48000000e+00,0.2662,PBE,1.25631363e-01
2.48000000e+00,0.5324,NN,3.24333370e-01
2.48000000e+00,0.5324,PBE,3.61712229e-01
2.48000000e+00,0.7985,NN,4.67307955e-01
2.48000000e+00,0.7985,PBE,4.67160072e-01
2.48000000e+00,1.0647,NN,5.92288136e-01
2.48000000e+00,1.0647,PBE,5.62931132e-01
2.48000000e+00,1.3308,NN,7.00581133e-01
2.48000000e+00,1.3308,PBE,7.26638325e-01
2.50000000e+00,0.2662,NN,1.64017409e-01
2.50000000e+00,0.2662,PBE,1.24164664e-01
2.50000000e+00,0.5324,NN,3.20638150e-01
2.50000000e+00,0.5324,PBE,3.57645068e-01
2.50000000e+00,0.7985,NN,4.62182879e-01
2.50000000e+00,0.7985,PBE,4.62042049e-01
2.50000000e+00,1.0647,NN,5.86035728e-01
2.50000000e+00,1.0647,PBE,5.56927990e-01
2.50000000e+00,1.3308,NN,6.93432152e-01
2.50000000e+00,1.3308,PBE,7.19269199e-01
2.52000000e+00,0.2662,NN,1.62115753e-01
2.52000000e+00,0.2662,PBE,1.22719672e-01
2.52000000e+00,0.5324,NN,3.16994220e-01
2.52000000e+00,0.5324,PBE,3.53633361e-01
2.52000000e+00,0.7985,NN,4.57123637e-01
2.52000000e+00,0.7985,PBE,4.56990021e-01
2.52000000e+00,1.0647,NN,5.79857230e-01
2.52000000e+00,1.0647,PBE,5.50997974e-01
2.52000000e+00,1.3308,NN,6.86363041e-01
2.52000000e+00,1.3308,PBE,7.11981041e-01
2.54000000e+00,0.2662,NN,1.60242036e-01
2.54000000e+00,0.2662,PBE,1.21295926e-01
2.54000000e+00,0.5324,NN,3.13401043e-01
2.54000000e+00,0.5324,PBE,3.49676060e-01
2.54000000e+00,0.7985,NN,4.52129275e-01
2.54000000e+00,0.7985,PBE,4.52002841e-01
2.54000000e+00,1.0647,NN,5.73752582e-01
2.54000000e+00,1.0647,PBE,5.45139911e-01
2.54000000e+00,1.3308,NN,6.79372072e-01
2.54000000e+00,1.3308,PBE,7.04772721e-01
2.56000000e+00,0.2662,NN,1.58395812e-01
2.56000000e+00,0.2662,PBE,1.19892974e-01
2.56000000e+00,0.5324,NN,3.09857428e-01
2.56000000e+00,0.5324,PBE,3.45772147e-01
2.56000000e+00,0.7985,NN,4.47198212e-01
2.56000000e+00,0.7985,PBE,4.47079388e-01
2.56000000e+00,1.0647,NN,5.67719758e-01
2.56000000e+00,1.0647,PBE,5.39352655e-01
2.56000000e+00,1.3308,NN,6.72458827e-01
2.56000000e+00,1.3308,PBE,6.97643129e-01
2.58000000e+00,0.2662,NN,1.56576380e-01
2.58000000e+00,0.2662,PBE,1.18510381e-01
2.58000000e+00,0.5324,NN,3.06362361e-01
2.58000000e+00,0.5324,PBE,3.41920627e-01
2.58000000e+00,0.7985,NN,4.42329884e-01
2.58000000e+00,0.7985,PBE,4.42218569e-01
2.58000000e+00,1.0647,NN,5.61757863e-01
2.58000000e+00,1.0647,PBE,5.33635087e-01
2.58000000e+00,1.3308,NN,6.65621817e-01
2.58000000e+00,1.3308,PBE,6.90591185e-01
2.60000000e+00,0.2662,NN,1.54783130e-01
2.60000000e+00,0.2662,PBE,1.17147722e-01
2.60000000e+00,0.5324,NN,3.02915245e-01
2.60000000e+00,0.5324,PBE,3.38120535e-01
2.60000000e+00,0.7985,NN,4.37523216e-01
2.60000000e+00,0.7985,PBE,4.37419317e-01
2.60000000e+00,1.0647,NN,5.55866122e-01
2.60000000e+00,1.0647,PBE,5.27986111e-01
2.60000000e+00,1.3308,NN,6.58860028e-01
2.60000000e+00,1.3308,PBE,6.83615824e-01
2.62000000e+00,0.2662,NN,1.53015524e-01
2.62000000e+00,0.2662,PBE,1.15804586e-01
2.62000000e+00,0.5324,NN,2.99514860e-01
2.62000000e+00,0.5324,PBE,3.34370929e-01
2.62000000e+00,0.7985,NN,4.32776839e-01
2.62000000e+00,0.7985,PBE,4.32680592e-01
2.62000000e+00,1.0647,NN,5.50043404e-01
2.62000000e+00,1.0647,PBE,5.22404657e-01
2.62000000e+00,1.3308,NN,6.52172327e-01
2.62000000e+00,1.3308,PBE,6.76716010e-01
2.64000000e+00,0.2662,NN,1.51273295e-01
2.64000000e+00,0.2662,PBE,1.14480576e-01
2.64000000e+00,0.5324,NN,2.96160430e-01
2.64000000e+00,0.5324,PBE,3.30670889e-01
2.64000000e+00,0.7985,NN,4.28089917e-01
2.64000000e+00,0.7985,PBE,4.28001377e-01
2.64000000e+00,1.0647,NN,5.44288397e-01
2.64000000e+00,1.0647,PBE,5.16889678e-01
2.64000000e+00,1.3308,NN,6.45557821e-01
2.64000000e+00,1.3308,PBE,6.69890722e-01
2.66000000e+00,0.2662,NN,1.49555609e-01
2.66000000e+00,0.2662,PBE,1.13175302e-01
2.66000000e+00,0.5324,NN,2.92851299e-01
2.66000000e+00,0.5324,PBE,3.27019523e-01
2.66000000e+00,0.7985,NN,4.23461705e-01
2.66000000e+00,0.7985,PBE,4.23380680e-01
2.66000000e+00,1.0647,NN,5.38600445e-01
2.66000000e+00,1.0647,PBE,5.11440151e-01
2.66000000e+00,1.3308,NN,6.39015555e-01
2.66000000e+00,1.3308,PBE,6.63138964e-01
2.68000000e+00,0.2662,NN,1.47862047e-01
2.68000000e+00,0.2662,PBE,1.11888389e-01
2.68000000e+00,0.5324,NN,2.89586395e-01
2.68000000e+00,0.5324,PBE,3.23415958e-01
2.68000000e+00,0.7985,NN,4.18890923e-01
2.68000000e+00,0.7985,PBE,4.18817531e-01
2.68000000e+00,1.0647,NN,5.32978177e-01
2.68000000e+00,1.0647,PBE,5.06055074e-01
2.68000000e+00,1.3308,NN,6.32544518e-01
2.68000000e+00,1.3308,PBE,6.56459758e-01
2.70000000e+00,0.2662,NN,1.46192253e-01
2.70000000e+00,0.2662,PBE,1.10619472e-01
2.70000000e+00,0.5324,NN,2.86365002e-01
2.70000000e+00,0.5324,PBE,3.19859344e-01
2.70000000e+00,0.7985,NN,4.14376915e-01
2.70000000e+00,0.7985,PBE,4.14310984e-01
2.70000000e+00,1.0647,NN,5.27420938e-01
2.70000000e+00,1.0647,PBE,5.00733467e-01
2.70000000e+00,1.3308,NN,6.26143873e-01
2.70000000e+00,1.3308,PBE,6.49852146e-01
2.72000000e+00,0.2662,NN,1.44545645e-01
2.72000000e+00,0.2662,PBE,1.09368194e-01
2.72000000e+00,0.5324,NN,2.83186346e-01
2.72000000e+00,0.5324,PBE,3.16348853e-01
2.72000000e+00,0.7985,NN,4.09918547e-01
2.72000000e+00,0.7985,PBE,4.09860113e-01
2.72000000e+00,1.0647,NN,5.21927953e-01
2.72000000e+00,1.0647,PBE,4.95474373e-01
2.72000000e+00,1.3308,NN,6.19812250e-01
2.72000000e+00,1.3308,PBE,6.43315188e-01
2.74000000e+00,0.2662,NN,1.42921865e-01
2.74000000e+00,0.2662,PBE,1.08134211e-01
2.74000000e+00,0.5324,NN,2.80049592e-01
2.74000000e+00,0.5324,PBE,3.12883677e-01
2.74000000e+00,0.7985,NN,4.05515015e-01
2.74000000e+00,0.7985,PBE,4.05464016e-01
2.74000000e+00,1.0647,NN,5.16497612e-01
2.74000000e+00,1.0647,PBE,4.90276853e-01
2.74000000e+00,1.3308,NN,6.13549352e-01
2.74000000e+00,1.3308,PBE,6.36847963e-01
2.76000000e+00,0.2662,NN,1.41320258e-01
2.76000000e+00,0.2662,PBE,1.06917187e-01
2.76000000e+00,0.5324,NN,2.76954263e-01
2.76000000e+00,0.5324,PBE,3.09463026e-01
2.76000000e+00,0.7985,NN,4.01165515e-01
2.76000000e+00,0.7985,PBE,4.01121809e-01
2.76000000e+00,1.0647,NN,5.11129737e-01
2.76000000e+00,1.0647,PBE,4.85139988e-01
2.76000000e+00,1.3308,NN,6.07353806e-01
2.76000000e+00,1.3308,PBE,6.30449567e-01
2.78000000e+00,0.2662,NN,1.39740691e-01
2.78000000e+00,0.2662,PBE,1.05716795e-01
2.78000000e+00,0.5324,NN,2.73899347e-01
2.78000000e+00,0.5324,PBE,3.06086134e-01
2.78000000e+00,0.7985,NN,3.96869004e-01
2.78000000e+00,0.7985,PBE,3.96832628e-01
2.78000000e+00,1.0647,NN,5.05823016e-01
2.78000000e+00,1.0647,PBE,4.80062880e-01
2.78000000e+00,1.3308,NN,6.01224840e-01
2.78000000e+00,1.3308,PBE,6.24119115e-01
2.80000000e+00,0.2662,NN,1.38182491e-01
2.80000000e+00,0.2662,PBE,1.04532719e-01
2.80000000e+00,0.5324,NN,2.70884216e-01
2.80000000e+00,0.5324,PBE,3.02752248e-01
2.80000000e+00,0.7985,NN,3.92624766e-01
2.80000000e+00,0.7985,PBE,3.92595631e-01
2.80000000e+00,1.0647,NN,5.00576794e-01
2.80000000e+00,1.0647,PBE,4.75044648e-01
2.80000000e+00,1.3308,NN,5.95161736e-01
2.80000000e+00,1.3308,PBE,6.17855737e-01
2.82000000e+00,0.2662,NN,1.36645466e-01
2.82000000e+00,0.2662,PBE,1.03364648e-01
2.82000000e+00,0.5324,NN,2.67908156e-01
2.82000000e+00,0.5324,PBE,2.99460638e-01
2.82000000e+00,0.7985,NN,3.88431966e-01
2.82000000e+00,0.7985,PBE,3.88409992e-01
2.82000000e+00,1.0647,NN,4.95389938e-01
2.82000000e+00,1.0647,PBE,4.70084431e-01
2.82000000e+00,1.3308,NN,5.89163303e-01
2.82000000e+00,1.3308,PBE,6.11658580e-01
2.84000000e+00,0.2662,NN,1.35129035e-01
2.84000000e+00,0.2662,PBE,1.02212284e-01
2.84000000e+00,0.5324,NN,2.64970779e-01
2.84000000e+00,0.5324,PBE,2.96210587e-01
2.84000000e+00,0.7985,NN,3.84289920e-01
2.84000000e+00,0.7985,PBE,3.84274904e-01
2.84000000e+00,1.0647,NN,4.90261883e-01
2.84000000e+00,1.0647,PBE,4.65181385e-01
2.84000000e+00,1.3308,NN,5.83229065e-01
2.84000000e+00,1.3308,PBE,6.05526806e-01
2.86000000e+00,0.2662,NN,1.33632898e-01
2.86000000e+00,0.2662,PBE,1.01075333e-01
2.86000000e+00,0.5324,NN,2.62070924e-01
2.86000000e+00,0.5324,PBE,2.93001399e-01
2.86000000e+00,0.7985,NN,3.80197704e-01
2.86000000e+00,0.7985,PBE,3.80189578e-01
2.86000000e+00,1.0647,NN,4.85191762e-01
2.86000000e+00,1.0647,PBE,4.60334681e-01
2.86000000e+00,1.3308,NN,5.77358186e-01
2.86000000e+00,1.3308,PBE,5.99459594e-01
2.88000000e+00,0.2662,NN,1.32156640e-01
2.88000000e+00,0.2662,PBE,9.99535100e-02
2.88000000e+00,0.5324,NN,2.59208351e-01
2.88000000e+00,0.5324,PBE,2.89832392e-01
2.88000000e+00,0.7985,NN,3.76154631e-01
2.88000000e+00,0.7985,PBE,3.76153243e-01
2.88000000e+00,1.0647,NN,4.80178833e-01
2.88000000e+00,1.0647,PBE,4.55543511e-01
2.88000000e+00,1.3308,NN,5.71549475e-01
2.88000000e+00,1.3308,PBE,5.93456136e-01
2.90000000e+00,0.2662,NN,1.30699977e-01
2.90000000e+00,0.2662,PBE,9.88465386e-02
2.90000000e+00,0.5324,NN,2.56382048e-01
2.90000000e+00,0.5324,PBE,2.86702901e-01
2.90000000e+00,0.7985,NN,3.72160047e-01
2.90000000e+00,0.7985,PBE,3.72165143e-01
2.90000000e+00,1.0647,NN,4.75221962e-01
2.90000000e+00,1.0647,PBE,4.50807081e-01
2.90000000e+00,1.3308,NN,5.65802515e-01
2.90000000e+00,1.3308,PBE,5.87515641e-01
2.92000000e+00,0.2662,NN,1.29262462e-01
2.92000000e+00,0.2662,PBE,9.77541485e-02
2.92000000e+00,0.5324,NN,2.53591865e-01
2.92000000e+00,0.5324,PBE,2.83612276e-01
2.92000000e+00,0.7985,NN,3.68212849e-01
2.92000000e+00,0.7985,PBE,3.68224541e-01
2.92000000e+00,1.0647,NN,4.70320642e-01
2.92000000e+00,1.0647,PBE,4.46124611e-01
2.92000000e+00,1.3308,NN,5.60116529e-01
2.92000000e+00,1.3308,PBE,5.81637330e-01
2.94000000e+00,0.2662,NN,1.27843738e-01
2.94000000e+00,0.2662,PBE,9.66760767e-02
2.94000000e+00,0.5324,NN,2.50836939e-01
2.94000000e+00,0.5324,PBE,2.80559883e-01
2.94000000e+00,0.7985,NN,3.64312649e-01
2.94000000e+00,0.7985,PBE,3.64330712e-01
2.94000000e+00,1.0647,NN,4.65474248e-01
2.94000000e+00,1.0647,PBE,4.41495341e-01
2.94000000e+00,1.3308,NN,5.54490447e-01
2.94000000e+00,1.3308,PBE,5.75820439e-01
2.96000000e+00,0.2662,NN,1.26443550e-01
2.96000000e+00,0.2662,PBE,9.56120670e-02
2.96000000e+00,0.5324,NN,2.48116672e-01
2.96000000e+00,0.5324,PBE,2.77545100e-01
2.96000000e+00,0.7985,NN,3.60458851e-01
2.96000000e+00,0.7985,PBE,3.60482949e-01
2.96000000e+00,1.0647,NN,4.60681796e-01
2.96000000e+00,1.0647,PBE,4.36918522e-01
2.96000000e+00,1.3308,NN,5.48923969e-01
2.96000000e+00,1.3308,PBE,5.70064216e-01
2.98000000e+00,0.2662,NN,1.25061497e-01
2.98000000e+00,0.2662,PBE,9.45618697e-02
2.98000000e+00,0.5324,NN,2.45430544e-01
2.98000000e+00,0.5324,PBE,2.74567322e-01
2.98000000e+00,0.7985,NN,3.56650412e-01
2.98000000e+00,0.7985,PBE,3.56680560e-01
2.98000000e+00,1.0647,NN,4.55942512e-01
2.98000000e+00,1.0647,PBE,4.32393421e-01
2.98000000e+00,1.3308,NN,5.43416083e-01
2.98000000e+00,1.3308,PBE,5.64367925e-01
3.00000000e+00,0.2662,NN,1.23697296e-01
3.00000000e+00,0.2662,PBE,9.35252413e-02
3.00000000e+00,0.5324,NN,2.42778033e-01
3.00000000e+00,0.5324,PBE,2.71625956e-01
3.00000000e+00,0.7985,NN,3.52886766e-01
3.00000000e+00,0.7985,PBE,3.52922866e-01
3.00000000e+00,1.0647,NN,4.51255947e-01
3.00000000e+00,1.0647,PBE,4.27919321e-01
3.00000000e+00,1.3308,NN,5.37965834e-01
3.00000000e+00,1.3308,PBE,5.58730839e-01
3.02000000e+00,0.2662,NN,1.22350626e-01
3.02000000e+00,0.2662,PBE,9.25019446e-02
3.02000000e+00,0.5324,NN,2.40158409e-01
3.02000000e+00,0.5324,PBE,2.68720424e-01
3.02000000e+00,0.7985,NN,3.49167347e-01
3.02000000e+00,0.7985,PBE,3.49209204e-01
3.02000000e+00,1.0647,NN,4.46621090e-01
3.02000000e+00,1.0647,PBE,4.23495515e-01
3.02000000e+00,1.3308,NN,5.32572865e-01
3.02000000e+00,1.3308,PBE,5.53152245e-01
3.04000000e+00,0.2662,NN,1.21021204e-01
3.04000000e+00,0.2662,PBE,9.14917483e-02
3.04000000e+00,0.5324,NN,2.37571344e-01
3.04000000e+00,0.5324,PBE,2.65850158e-01
3.04000000e+00,0.7985,NN,3.45491529e-01
3.04000000e+00,0.7985,PBE,3.45538923e-01
3.04000000e+00,1.0647,NN,4.42037702e-01
3.04000000e+00,1.0647,PBE,4.19121313e-01
3.04000000e+00,1.3308,NN,5.27236223e-01
3.04000000e+00,1.3308,PBE,5.47631445e-01
3.06000000e+00,0.2662,NN,1.19708613e-01
3.06000000e+00,0.2662,PBE,9.04944267e-02
3.06000000e+00,0.5324,NN,2.35016271e-01
3.06000000e+00,0.5324,PBE,2.63014606e-01
3.06000000e+00,0.7985,NN,3.41858476e-01
3.06000000e+00,0.7985,PBE,3.41911385e-01
3.06000000e+00,1.0647,NN,4.37504470e-01
3.06000000e+00,1.0647,PBE,4.14796037e-01
3.06000000e+00,1.3308,NN,5.21955609e-01
3.06000000e+00,1.3308,PBE,5.42167747e-01
3.08000000e+00,0.2662,NN,1.18412733e-01
3.08000000e+00,0.2662,PBE,8.95097596e-02
3.08000000e+00,0.5324,NN,2.32492760e-01
3.08000000e+00,0.5324,PBE,2.60213226e-01
3.08000000e+00,0.7985,NN,3.38267893e-01
3.08000000e+00,0.7985,PBE,3.38325968e-01
3.08000000e+00,1.0647,NN,4.33021247e-01
3.08000000e+00,1.0647,PBE,4.10519021e-01
3.08000000e+00,1.3308,NN,5.16730309e-01
3.08000000e+00,1.3308,PBE,5.36760476e-01
3.10000000e+00,0.2662,NN,1.17133208e-01
3.10000000e+00,0.2662,PBE,8.85375323e-02
3.10000000e+00,0.5324,NN,2.29999989e-01
3.10000000e+00,0.5324,PBE,2.57445488e-01
3.10000000e+00,0.7985,NN,3.34718853e-01
3.10000000e+00,0.7985,PBE,3.34782060e-01
3.10000000e+00,1.0647,NN,4.28587139e-01
3.10000000e+00,1.0647,PBE,4.06289612e-01
3.10000000e+00,1.3308,NN,5.11559069e-01
3.10000000e+00,1.3308,PBE,5.31408964e-01
3.12000000e+00,0.2662,NN,1.15869708e-01
3.12000000e+00,0.2662,PBE,8.75775352e-02
3.12000000e+00,0.5324,NN,2.27537796e-01
3.12000000e+00,0.5324,PBE,2.54710874e-01
3.12000000e+00,0.7985,NN,3.31211001e-01
3.12000000e+00,0.7985,PBE,3.31279061e-01
3.12000000e+00,1.0647,NN,4.24201638e-01
3.12000000e+00,1.0647,PBE,4.02107170e-01
3.12000000e+00,1.3308,NN,5.06441772e-01
3.12000000e+00,1.3308,PBE,5.26112557e-01
3.14000000e+00,0.2662,NN,1.14622086e-01
3.14000000e+00,0.2662,PBE,8.66295638e-02
3.14000000e+00,0.5324,NN,2.25105599e-01
3.14000000e+00,0.5324,PBE,2.52008877e-01
3.14000000e+00,0.7985,NN,3.27743381e-01
3.14000000e+00,0.7985,PBE,3.27816384e-01
3.14000000e+00,1.0647,NN,4.19863939e-01
3.14000000e+00,1.0647,PBE,3.97971067e-01
3.14000000e+00,1.3308,NN,5.01377583e-01
3.14000000e+00,1.3308,PBE,5.20870609e-01
3.16000000e+00,0.2662,NN,1.13389865e-01
3.16000000e+00,0.2662,PBE,8.56934184e-02
3.16000000e+00,0.5324,NN,2.22702801e-01
3.16000000e+00,0.5324,PBE,2.49339000e-01
3.16000000e+00,0.7985,NN,3.24315906e-01
3.16000000e+00,0.7985,PBE,3.24393455e-01
3.16000000e+00,1.0647,NN,4.15573597e-01
3.16000000e+00,1.0647,PBE,3.93880684e-01
3.16000000e+00,1.3308,NN,4.96365905e-01
3.16000000e+00,1.3308,PBE,5.15682487e-01
3.18000000e+00,0.2662,NN,1.12173006e-01
3.18000000e+00,0.2662,PBE,8.47689039e-02
3.18000000e+00,0.5324,NN,2.20329076e-01
3.18000000e+00,0.5324,PBE,2.46700759e-01
3.18000000e+00,0.7985,NN,3.20927769e-01
3.18000000e+00,0.7985,PBE,3.21009708e-01
3.18000000e+00,1.0647,NN,4.11329865e-01
3.18000000e+00,1.0647,PBE,3.89835415e-01
3.18000000e+00,1.3308,NN,4.91406322e-01
3.18000000e+00,1.3308,PBE,5.10547567e-01
3.20000000e+00,0.2662,NN,1.10971160e-01
3.20000000e+00,0.2662,PBE,8.38558301e-02
3.20000000e+00,0.5324,NN,2.17984065e-01
3.20000000e+00,0.5324,PBE,2.44093677e-01
3.20000000e+00,0.7985,NN,3.17578256e-01
3.20000000e+00,0.7985,PBE,3.17664592e-01
3.20000000e+00,1.0647,NN,4.07132328e-01
3.20000000e+00,1.0647,PBE,3.85834667e-01
3.20000000e+00,1.3308,NN,4.86497760e-01
3.20000000e+00,1.3308,PBE,5.05465233e-01
3.22000000e+00,0.2662,NN,1.09784164e-01
3.22000000e+00,0.2662,PBE,8.29540108e-02
3.22000000e+00,0.5324,NN,2.15667218e-01
3.22000000e+00,0.5324,PBE,2.41517290e-01
3.22000000e+00,0.7985,NN,3.14267188e-01
3.22000000e+00,0.7985,PBE,3.14357563e-01
3.22000000e+00,1.0647,NN,4.02980149e-01
3.22000000e+00,1.0647,PBE,3.81877854e-01
3.22000000e+00,1.3308,NN,4.81639922e-01
3.22000000e+00,1.3308,PBE,5.00434882e-01
3.24000000e+00,0.2662,NN,1.08611591e-01
3.24000000e+00,0.2662,PBE,8.20632643e-02
3.24000000e+00,0.5324,NN,2.13378027e-01
3.24000000e+00,0.5324,PBE,2.38971140e-01
3.24000000e+00,0.7985,NN,3.10993671e-01
3.24000000e+00,0.7985,PBE,3.11088089e-01
3.24000000e+00,1.0647,NN,3.98872763e-01
3.24000000e+00,1.0647,PBE,3.77964402e-01
3.24000000e+00,1.3308,NN,4.76832330e-01
3.24000000e+00,1.3308,PBE,4.95455918e-01
3.26000000e+00,0.2662,NN,1.07453391e-01
3.26000000e+00,0.2662,PBE,8.11834132e-02
3.26000000e+00,0.5324,NN,2.11116225e-01
3.26000000e+00,0.5324,PBE,2.36454783e-01
3.26000000e+00,0.7985,NN,3.07757348e-01
3.26000000e+00,0.7985,PBE,3.07855650e-01
3.26000000e+00,1.0647,NN,3.94809932e-01
3.26000000e+00,1.0647,PBE,3.74093748e-01
3.26000000e+00,1.3308,NN,4.72074181e-01
3.26000000e+00,1.3308,PBE,4.90527756e-01
3.28000000e+00,0.2662,NN,1.06309213e-01
3.28000000e+00,0.2662,PBE,8.03142838e-02
3.28000000e+00,0.5324,NN,2.08881304e-01
3.28000000e+00,0.5324,PBE,2.33967781e-01
3.28000000e+00,0.7985,NN,3.04557681e-01
3.28000000e+00,0.7985,PBE,3.04659734e-01
3.28000000e+00,1.0647,NN,3.90790701e-01
3.28000000e+00,1.0647,PBE,3.70265339e-01
3.28000000e+00,1.3308,NN,4.67364848e-01
3.28000000e+00,1.3308,PBE,4.85649817e-01
3.30000000e+00,0.2662,NN,1.05178930e-01
3.30000000e+00,0.2662,PBE,7.94557067e-02
3.30000000e+00,0.5324,NN,2.06672847e-01
3.30000000e+00,0.5324,PBE,2.31509705e-01
3.30000000e+00,0.7985,NN,3.01394343e-01
3.30000000e+00,0.7985,PBE,3.01499837e-01
3.30000000e+00,1.0647,NN,3.86814773e-01
3.30000000e+00,1.0647,PBE,3.66478629e-01
3.30000000e+00,1.3308,NN,4.62703973e-01
3.30000000e+00,1.3308,PBE,4.80821535e-01
3.32000000e+00,0.2662,NN,1.04062267e-01
3.32000000e+00,0.2662,PBE,7.86075159e-02
3.32000000e+00,0.5324,NN,2.04490498e-01
3.32000000e+00,0.5324,PBE,2.29080136e-01
3.32000000e+00,0.7985,NN,2.98266619e-01
3.32000000e+00,0.7985,PBE,2.98375469e-01
3.32000000e+00,1.0647,NN,3.82881522e-01
3.32000000e+00,1.0647,PBE,3.62733085e-01
3.32000000e+00,1.3308,NN,4.58090901e-01
3.32000000e+00,1.3308,PBE,4.76042349e-01
3.34000000e+00,0.2662,NN,1.02959052e-01
3.34000000e+00,0.2662,PBE,7.77695493e-02
3.34000000e+00,0.5324,NN,2.02333942e-01
3.34000000e+00,0.5324,PBE,2.26678662e-01
3.34000000e+00,0.7985,NN,2.95174092e-01
3.34000000e+00,0.7985,PBE,2.95286145e-01
3.34000000e+00,1.0647,NN,3.78990322e-01
3.34000000e+00,1.0647,PBE,3.59028181e-01
3.34000000e+00,1.3308,NN,4.53525066e-01
3.34000000e+00,1.3308,PBE,4.71311707e-01
3.36000000e+00,0.2662,NN,1.01868995e-01
3.36000000e+00,0.2662,PBE,7.69416483e-02
3.36000000e+00,0.5324,NN,2.00202554e-01
3.36000000e+00,0.5324,PBE,2.24304881e-01
3.36000000e+00,0.7985,NN,2.92116195e-01
3.36000000e+00,0.7985,PBE,2.92231390e-01
3.36000000e+00,1.0647,NN,3.75140995e-01
3.36000000e+00,1.0647,PBE,3.55363401e-01
3.36000000e+00,1.3308,NN,4.49006051e-01
3.36000000e+00,1.3308,PBE,4.66629067e-01
3.38000000e+00,0.2662,NN,1.00791991e-01
3.38000000e+00,0.2662,PBE,7.61236579e-02
3.38000000e+00,0.5324,NN,1.98096335e-01
3.38000000e+00,0.5324,PBE,2.21958397e-01
3.38000000e+00,0.7985,NN,2.89092660e-01
3.38000000e+00,0.7985,PBE,2.89210741e-01
3.38000000e+00,1.0647,NN,3.71332467e-01
3.38000000e+00,1.0647,PBE,3.51738238e-01
3.38000000e+00,1.3308,NN,4.44533110e-01
3.38000000e+00,1.3308,PBE,4.61993894e-01
3.40000000e+00,0.2662,NN,9.97277126e-02
3.40000000e+00,0.2662,PBE,7.53154263e-02
3.40000000e+00,0.5324,NN,1.96014538e-01
3.40000000e+00,0.5324,PBE,2.19638824e-01
3.40000000e+00,0.7985,NN,2.86102921e-01
3.40000000e+00,0.7985,PBE,2.86223738e-01
3.40000000e+00,1.0647,NN,3.67564827e-01
3.40000000e+00,1.0647,PBE,3.48152191e-01
3.40000000e+00,1.3308,NN,4.40105736e-01
3.40000000e+00,1.3308,PBE,4.57405660e-01
3.42000000e+00,0.2662,NN,9.86761525e-02
3.42000000e+00,0.2662,PBE,7.45168050e-02
3.42000000e+00,0.5324,NN,1.93957105e-01
3.42000000e+00,0.5324,PBE,2.17345781e-01
3.42000000e+00,0.7985,NN,2.83146352e-01
3.42000000e+00,0.7985,PBE,2.83269934e-01
3.42000000e+00,1.0647,NN,3.63837123e-01
3.42000000e+00,1.0647,PBE,3.44604772e-01
3.42000000e+00,1.3308,NN,4.35723633e-01
3.42000000e+00,1.3308,PBE,4.52863846e-01
3.44000000e+00,0.2662,NN,9.76368785e-02
3.44000000e+00,0.2662,PBE,7.37276488e-02
3.44000000e+00,0.5324,NN,1.91923514e-01
3.44000000e+00,0.5324,PBE,2.15078896e-01
3.44000000e+00,0.7985,NN,2.80222833e-01
3.44000000e+00,0.7985,PBE,2.80348887e-01
3.44000000e+00,1.0647,NN,3.60149235e-01
3.44000000e+00,1.0647,PBE,3.41095496e-01
3.44000000e+00,1.3308,NN,4.31386143e-01
3.44000000e+00,1.3308,PBE,4.48367939e-01
3.46000000e+00,0.2662,NN,9.66100097e-02
3.46000000e+00,0.2662,PBE,7.29478154e-02
3.46000000e+00,0.5324,NN,1.89913407e-01
3.46000000e+00,0.5324,PBE,2.12837805e-01
3.46000000e+00,0.7985,NN,2.77331710e-01
3.46000000e+00,0.7985,PBE,2.77460165e-01
3.46000000e+00,1.0647,NN,3.56500417e-01
3.46000000e+00,1.0647,PBE,3.37623891e-01
3.46000000e+00,1.3308,NN,4.27092791e-01
3.46000000e+00,1.3308,PBE,4.43917435e-01
3.48000000e+00,0.2662,NN,9.55950171e-02
3.48000000e+00,0.2662,PBE,7.21771656e-02
3.48000000e+00,0.5324,NN,1.87926516e-01
3.48000000e+00,0.5324,PBE,2.10622148e-01
3.48000000e+00,0.7985,NN,2.74472535e-01
3.48000000e+00,0.7985,PBE,2.74603343e-01
3.48000000e+00,1.0647,NN,3.52890134e-01
3.48000000e+00,1.0647,PBE,3.34189490e-01
3.48000000e+00,1.3308,NN,4.22843009e-01
3.48000000e+00,1.3308,PBE,4.39511835e-01
3.50000000e+00,0.2662,NN,9.45919901e-02
3.50000000e+00,0.2662,PBE,7.14155631e-02
3.50000000e+00,0.5324,NN,1.85962617e-01
3.50000000e+00,0.5324,PBE,2.08431574e-01
3.50000000e+00,0.7985,NN,2.71645099e-01
3.50000000e+00,0.7985,PBE,2.71778002e-01
3.50000000e+00,1.0647,NN,3.49318087e-01
3.50000000e+00,1.0647,PBE,3.30791833e-01
3.50000000e+00,1.3308,NN,4.18636441e-01
3.50000000e+00,1.3308,PBE,4.35150650e-01
3.52000000e+00,0.2662,NN,9.36005861e-02
3.52000000e+00,0.2662,PBE,7.06628743e-02
3.52000000e+00,0.5324,NN,1.84021175e-01
3.52000000e+00,0.5324,PBE,2.06265740e-01
3.52000000e+00,0.7985,NN,2.68848807e-01
3.52000000e+00,0.7985,PBE,2.68983734e-01
3.52000000e+00,1.0647,NN,3.45783770e-01
3.52000000e+00,1.0647,PBE,3.27430470e-01
3.52000000e+00,1.3308,NN,4.14472610e-01
3.52000000e+00,1.3308,PBE,4.30833394e-01
3.54000000e+00,0.2662,NN,9.26208049e-02
3.54000000e+00,0.2662,PBE,6.99189687e-02
3.54000000e+00,0.5324,NN,1.82101965e-01
3.54000000e+00,0.5324,PBE,2.04124305e-01
3.54000000e+00,0.7985,NN,2.66083360e-01
3.54000000e+00,0.7985,PBE,2.66220134e-01
3.54000000e+00,1.0647,NN,3.42286766e-01
3.54000000e+00,1.0647,PBE,3.24104955e-01
3.54000000e+00,1.3308,NN,4.10350680e-01
3.54000000e+00,1.3308,PBE,4.26559592e-01
3.56000000e+00,0.2662,NN,9.16522816e-02
3.56000000e+00,0.2662,PBE,6.91837180e-02
3.56000000e+00,0.5324,NN,1.80204600e-01
3.56000000e+00,0.5324,PBE,2.02006939e-01
3.56000000e+00,0.7985,NN,2.63348252e-01
3.56000000e+00,0.7985,PBE,2.63486807e-01
3.56000000e+00,1.0647,NN,3.38826656e-01
3.56000000e+00,1.0647,PBE,3.20814853e-01
3.56000000e+00,1.3308,NN,4.06270802e-01
3.56000000e+00,1.3308,PBE,4.22328772e-01
3.58000000e+00,0.2662,NN,9.06949565e-02
3.58000000e+00,0.2662,PBE,6.84569969e-02
3.58000000e+00,0.5324,NN,1.78328976e-01
3.58000000e+00,0.5324,PBE,1.99913316e-01
3.58000000e+00,0.7985,NN,2.60643035e-01
3.58000000e+00,0.7985,PBE,2.60783363e-01
3.58000000e+00,1.0647,NN,3.35402936e-01
3.58000000e+00,1.0647,PBE,3.17559734e-01
3.58000000e+00,1.3308,NN,4.02232021e-01
3.58000000e+00,1.3308,PBE,4.18140470e-01
3.60000000e+00,0.2662,NN,8.97486657e-02
3.60000000e+00,0.2662,PBE,6.77386824e-02
3.60000000e+00,0.5324,NN,1.76474780e-01
3.60000000e+00,0.5324,PBE,1.97843115e-01
3.60000000e+00,0.7985,NN,2.57967621e-01
3.60000000e+00,0.7985,PBE,2.58109420e-01
3.60000000e+00,1.0647,NN,3.32015067e-01
3.60000000e+00,1.0647,PBE,3.14339173e-01
3.60000000e+00,1.3308,NN,3.98234189e-01
3.60000000e+00,1.3308,PBE,4.13994229e-01
3.62000000e+00,0.2662,NN,8.88132304e-02
3.62000000e+00,0.2662,PBE,6.70286540e-02
3.62000000e+00,0.5324,NN,1.74641311e-01
3.62000000e+00,0.5324,PBE,1.95796024e-01
3.62000000e+00,0.7985,NN,2.55321294e-01
3.62000000e+00,0.7985,PBE,2.55464602e-01
3.62000000e+00,1.0647,NN,3.28662723e-01
3.62000000e+00,1.0647,PBE,3.11152755e-01
3.62000000e+00,1.3308,NN,3.94276619e-01
3.62000000e+00,1.3308,PBE,4.09889597e-01
3.64000000e+00,0.2662,NN,8.78885165e-02
3.64000000e+00,0.2662,PBE,6.63267936e-02
3.64000000e+00,0.5324,NN,1.72828794e-01
3.64000000e+00,0.5324,PBE,1.93771732e-01
3.64000000e+00,0.7985,NN,2.52703935e-01
3.64000000e+00,0.7985,PBE,2.52848540e-01
3.64000000e+00,1.0647,NN,3.25345814e-01
3.64000000e+00,1.0647,PBE,3.08000070e-01
3.64000000e+00,1.3308,NN,3.90359074e-01
3.64000000e+00,1.3308,PBE,4.05826127e-01
3.66000000e+00,0.2662,NN,8.69743153e-02
3.66000000e+00,0.2662,PBE,6.56329855e-02
3.66000000e+00,0.5324,NN,1.71036631e-01
3.66000000e+00,0.5324,PBE,1.91769939e-01
3.66000000e+00,0.7985,NN,2.50115067e-01
3.66000000e+00,0.7985,PBE,2.50260868e-01
3.66000000e+00,1.0647,NN,3.22063267e-01
3.66000000e+00,1.0647,PBE,3.04880714e-01
3.66000000e+00,1.3308,NN,3.86480868e-01
3.66000000e+00,1.3308,PBE,4.01803382e-01
3.68000000e+00,0.2662,NN,8.60705450e-02
3.68000000e+00,0.2662,PBE,6.49471162e-02
3.68000000e+00,0.5324,NN,1.69264629e-01
3.68000000e+00,0.5324,PBE,1.89790345e-01
3.68000000e+00,0.7985,NN,2.47554302e-01
3.68000000e+00,0.7985,PBE,2.47701232e-01
3.68000000e+00,1.0647,NN,3.18815142e-01
3.68000000e+00,1.0647,PBE,3.01794289e-01
3.68000000e+00,1.3308,NN,3.82641941e-01
3.68000000e+00,1.3308,PBE,3.97820926e-01
3.70000000e+00,0.2662,NN,8.51770788e-02
3.70000000e+00,0.2662,PBE,6.42690744e-02
3.70000000e+00,0.5324,NN,1.67512491e-01
3.70000000e+00,0.5324,PBE,1.87832660e-01
3.70000000e+00,0.7985,NN,2.45021239e-01
3.70000000e+00,0.7985,PBE,2.45169277e-01
3.70000000e+00,1.0647,NN,3.15600961e-01
3.70000000e+00,1.0647,PBE,2.98740406e-01
3.70000000e+00,1.3308,NN,3.78841490e-01
3.70000000e+00,1.3308,PBE,3.93878331e-01
3.72000000e+00,0.2662,NN,8.42936710e-02
3.72000000e+00,0.2662,PBE,6.35987509e-02
3.72000000e+00,0.5324,NN,1.65780112e-01
3.72000000e+00,0.5324,PBE,1.85896597e-01
3.72000000e+00,0.7985,NN,2.42515713e-01
3.72000000e+00,0.7985,PBE,2.42664660e-01
3.72000000e+00,1.0647,NN,3.12420279e-01
3.72000000e+00,1.0647,PBE,2.95718677e-01
3.72000000e+00,1.3308,NN,3.75079244e-01
3.72000000e+00,1.3308,PBE,3.89975175e-01
3.74000000e+00,0.2662,NN,8.34202245e-02
3.74000000e+00,0.2662,PBE,6.29360388e-02
3.74000000e+00,0.5324,NN,1.64067030e-01
3.74000000e+00,0.5324,PBE,1.83981872e-01
3.74000000e+00,0.7985,NN,2.40037173e-01
3.74000000e+00,0.7985,PBE,2.40187041e-01
3.74000000e+00,1.0647,NN,3.09272766e-01
3.74000000e+00,1.0647,PBE,2.92728724e-01
3.74000000e+00,1.3308,NN,3.71354789e-01
3.74000000e+00,1.3308,PBE,3.86111041e-01
3.76000000e+00,0.2662,NN,8.25566724e-02
3.76000000e+00,0.2662,PBE,6.22808329e-02
3.76000000e+00,0.5324,NN,1.62373036e-01
3.76000000e+00,0.5324,PBE,1.82088211e-01
3.76000000e+00,0.7985,NN,2.37585440e-01
3.76000000e+00,0.7985,PBE,2.37736083e-01
3.76000000e+00,1.0647,NN,3.06157947e-01
3.76000000e+00,1.0647,PBE,2.89770173e-01
3.76000000e+00,1.3308,NN,3.67667913e-01
3.76000000e+00,1.3308,PBE,3.82285517e-01
3.78000000e+00,0.2662,NN,8.17027986e-02
3.78000000e+00,0.2662,PBE,6.16330302e-02
3.78000000e+00,0.5324,NN,1.60697773e-01
3.78000000e+00,0.5324,PBE,1.80215340e-01
3.78000000e+00,0.7985,NN,2.35160202e-01
3.78000000e+00,0.7985,PBE,2.35311460e-01
3.78000000e+00,1.0647,NN,3.03075403e-01
3.78000000e+00,1.0647,PBE,2.86842657e-01
3.78000000e+00,1.3308,NN,3.64017844e-01
3.78000000e+00,1.3308,PBE,3.78498196e-01
3.80000000e+00,0.2662,NN,8.08584243e-02
3.80000000e+00,0.2662,PBE,6.09925297e-02
3.80000000e+00,0.5324,NN,1.59041300e-01
3.80000000e+00,0.5324,PBE,1.78362991e-01
3.80000000e+00,0.7985,NN,2.32760817e-01
3.80000000e+00,0.7985,PBE,2.32912846e-01
3.80000000e+00,1.0647,NN,3.00024986e-01
3.80000000e+00,1.0647,PBE,2.83945812e-01
3.80000000e+00,1.3308,NN,3.60404432e-01
3.80000000e+00,1.3308,PBE,3.74748677e-01
3.82000000e+00,0.2662,NN,8.00235942e-02
3.82000000e+00,0.2662,PBE,6.03592321e-02
3.82000000e+00,0.5324,NN,1.57403052e-01
3.82000000e+00,0.5324,PBE,1.76530903e-01
3.82000000e+00,0.7985,NN,2.30387419e-01
3.82000000e+00,0.7985,PBE,2.30539924e-01
3.82000000e+00,1.0647,NN,2.97006160e-01
3.82000000e+00,1.0647,PBE,2.81079282e-01
3.82000000e+00,1.3308,NN,3.56827319e-01
3.82000000e+00,1.3308,PBE,3.71036564e-01
3.84000000e+00,0.2662,NN,7.91980326e-02
3.84000000e+00,0.2662,PBE,5.97330401e-02
3.84000000e+00,0.5324,NN,1.55783072e-01
3.84000000e+00,0.5324,PBE,1.74718817e-01
3.84000000e+00,0.7985,NN,2.28039399e-01
3.84000000e+00,0.7985,PBE,2.28192379e-01
3.84000000e+00,1.0647,NN,2.94018567e-01
3.84000000e+00,1.0647,PBE,2.78242714e-01
3.84000000e+00,1.3308,NN,3.53285939e-01
3.84000000e+00,1.3308,PBE,3.67361466e-01
3.86000000e+00,0.2662,NN,7.83816874e-02
3.86000000e+00,0.2662,PBE,5.91138579e-02
3.86000000e+00,0.5324,NN,1.54180750e-01
3.86000000e+00,0.5324,PBE,1.72926477e-01
3.86000000e+00,0.7985,NN,2.25716397e-01
3.86000000e+00,0.7985,PBE,2.25869904e-01
3.86000000e+00,1.0647,NN,2.91061997e-01
3.86000000e+00,1.0647,PBE,2.75435761e-01
3.86000000e+00,1.3308,NN,3.49780142e-01
3.86000000e+00,1.3308,PBE,3.63722997e-01
3.88000000e+00,0.2662,NN,7.75743052e-02
3.88000000e+00,0.2662,PBE,5.85015919e-02
3.88000000e+00,0.5324,NN,1.52596205e-01
3.88000000e+00,0.5324,PBE,1.71153636e-01
3.88000000e+00,0.7985,NN,2.23418474e-01
3.88000000e+00,0.7985,PBE,2.23572194e-01
3.88000000e+00,1.0647,NN,2.88135737e-01
3.88000000e+00,1.0647,PBE,2.72658083e-01
3.88000000e+00,1.3308,NN,3.46309304e-01
3.88000000e+00,1.3308,PBE,3.60120774e-01
3.90000000e+00,0.2662,NN,7.67759532e-02
3.90000000e+00,0.2662,PBE,5.78961498e-02
3.90000000e+00,0.5324,NN,1.51028931e-01
3.90000000e+00,0.5324,PBE,1.69400046e-01
3.90000000e+00,0.7985,NN,2.21144959e-01
3.90000000e+00,0.7985,PBE,2.21298951e-01
3.90000000e+00,1.0647,NN,2.85240054e-01
3.90000000e+00,1.0647,PBE,2.69909342e-01
3.90000000e+00,1.3308,NN,3.42873216e-01
3.90000000e+00,1.3308,PBE,3.56554421e-01
3.92000000e+00,0.2662,NN,7.59863630e-02
3.92000000e+00,0.2662,PBE,5.72974411e-02
3.92000000e+00,0.5324,NN,1.49478987e-01
3.92000000e+00,0.5324,PBE,1.67665467e-01
3.92000000e+00,0.7985,NN,2.18895718e-01
3.92000000e+00,0.7985,PBE,2.19049880e-01
3.92000000e+00,1.0647,NN,2.82373935e-01
3.92000000e+00,1.0647,PBE,2.67189206e-01
3.92000000e+00,1.3308,NN,3.39471400e-01
3.92000000e+00,1.3308,PBE,3.53023565e-01
3.94000000e+00,0.2662,NN,7.52054900e-02
3.94000000e+00,0.2662,PBE,5.67053769e-02
3.94000000e+00,0.5324,NN,1.47945866e-01
3.94000000e+00,0.5324,PBE,1.65949660e-01
3.94000000e+00,0.7985,NN,2.16670290e-01
3.94000000e+00,0.7985,PBE,2.16824692e-01
3.94000000e+00,1.0647,NN,2.79537469e-01
3.94000000e+00,1.0647,PBE,2.64497348e-01
3.94000000e+00,1.3308,NN,3.36103499e-01
3.94000000e+00,1.3308,PBE,3.49527839e-01
3.96000000e+00,0.2662,NN,7.44332373e-02
3.96000000e+00,0.2662,PBE,5.61198700e-02
3.96000000e+00,0.5324,NN,1.46429703e-01
3.96000000e+00,0.5324,PBE,1.64252393e-01
3.96000000e+00,0.7985,NN,2.14468598e-01
3.96000000e+00,0.7985,PBE,2.14623100e-01
3.96000000e+00,1.0647,NN,2.76730120e-01
3.96000000e+00,1.0647,PBE,2.61833446e-01
3.96000000e+00,1.3308,NN,3.32769424e-01
3.96000000e+00,1.3308,PBE,3.46066881e-01
3.98000000e+00,0.2662,NN,7.36694559e-02
3.98000000e+00,0.2662,PBE,5.55408346e-02
3.98000000e+00,0.5324,NN,1.44929886e-01
3.98000000e+00,0.5324,PBE,1.62573434e-01
3.98000000e+00,0.7985,NN,2.12290302e-01
3.98000000e+00,0.7985,PBE,2.12444825e-01
3.98000000e+00,1.0647,NN,2.73951739e-01
3.98000000e+00,1.0647,PBE,2.59197182e-01
3.98000000e+00,1.3308,NN,3.29468518e-01
3.98000000e+00,1.3308,PBE,3.42640330e-01
4.00000000e+00,0.2662,NN,7.29140416e-02
4.00000000e+00,0.2662,PBE,5.49681863e-02
4.00000000e+00,0.5324,NN,1.43446416e-01
4.00000000e+00,0.5324,PBE,1.60912559e-01
4.00000000e+00,0.7985,NN,2.10135072e-01
4.00000000e+00,0.7985,PBE,2.10289589e-01
4.00000000e+00,1.0647,NN,2.71201938e-01
4.00000000e+00,1.0647,PBE,2.56588242e-01
4.00000000e+00,1.3308,NN,3.26200575e-01
4.00000000e+00,1.3308,PBE,3.39247832e-01
4.02000000e+00,0.2662,NN,7.21668676e-02
4.02000000e+00,0.2662,PBE,5.44018425e-02
4.02000000e+00,0.5324,NN,1.41979098e-01
4.02000000e+00,0.5324,PBE,1.59269543e-01
4.02000000e+00,0.7985,NN,2.08002582e-01
4.02000000e+00,0.7985,PBE,2.08157120e-01
4.02000000e+00,1.0647,NN,2.68480271e-01
4.02000000e+00,1.0647,PBE,2.54006317e-01
4.02000000e+00,1.3308,NN,3.22965115e-01
4.02000000e+00,1.3308,PBE,3.35889038e-01
4.04000000e+00,0.2662,NN,7.14278668e-02
4.04000000e+00,0.2662,PBE,5.38417217e-02
4.04000000e+00,0.5324,NN,1.40527710e-01
4.04000000e+00,0.5324,PBE,1.57644169e-01
4.04000000e+00,0.7985,NN,2.05892727e-01
4.04000000e+00,0.7985,PBE,2.06047149e-01
4.04000000e+00,1.0647,NN,2.65786588e-01
4.04000000e+00,1.0647,PBE,2.51451103e-01
4.04000000e+00,1.3308,NN,3.19761962e-01
4.04000000e+00,1.3308,PBE,3.32563600e-01
4.06000000e+00,0.2662,NN,7.06968904e-02
4.06000000e+00,0.2662,PBE,5.32877439e-02
4.06000000e+00,0.5324,NN,1.39091983e-01
4.06000000e+00,0.5324,PBE,1.56036221e-01
4.06000000e+00,0.7985,NN,2.03805074e-01
4.06000000e+00,0.7985,PBE,2.03959412e-01
4.06000000e+00,1.0647,NN,2.63120502e-01
4.06000000e+00,1.0647,PBE,2.48922299e-01
4.06000000e+00,1.3308,NN,3.16590756e-01
4.06000000e+00,1.3308,PBE,3.29271177e-01
4.08000000e+00,0.2662,NN,6.99738860e-02
4.08000000e+00,0.2662,PBE,5.27398306e-02
4.08000000e+00,0.5324,NN,1.37671769e-01
4.08000000e+00,0.5324,PBE,1.54445485e-01
4.08000000e+00,0.7985,NN,2.01739594e-01
4.08000000e+00,0.7985,PBE,2.01893648e-01
4.08000000e+00,1.0647,NN,2.60481745e-01
4.08000000e+00,1.0647,PBE,2.46419608e-01
4.08000000e+00,1.3308,NN,3.13450992e-01
4.08000000e+00,1.3308,PBE,3.26011432e-01
4.10000000e+00,0.2662,NN,6.92587122e-02
4.10000000e+00,0.2662,PBE,5.21979044e-02
4.10000000e+00,0.5324,NN,1.36266872e-01
4.10000000e+00,0.5324,PBE,1.52871755e-01
4.10000000e+00,0.7985,NN,1.99695587e-01
4.10000000e+00,0.7985,PBE,1.99849601e-01
4.10000000e+00,1.0647,NN,2.57869929e-01
4.10000000e+00,1.0647,PBE,2.43942738e-01
4.10000000e+00,1.3308,NN,3.10342431e-01
4.10000000e+00,1.3308,PBE,3.22784029e-01
4.12000000e+00,0.2662,NN,6.85513169e-02
4.12000000e+00,0.2662,PBE,5.16618894e-02
4.12000000e+00,0.5324,NN,1.34877130e-01
4.12000000e+00,0.5324,PBE,1.51314823e-01
4.12000000e+00,0.7985,NN,1.97673351e-01
4.12000000e+00,0.7985,PBE,1.97827017e-01
4.12000000e+00,1.0647,NN,2.55284995e-01
4.12000000e+00,1.0647,PBE,2.41491402e-01
4.12000000e+00,1.3308,NN,3.07264894e-01
4.12000000e+00,1.3308,PBE,3.19588639e-01
4.14000000e+00,0.2662,NN,6.78514689e-02
4.14000000e+00,0.2662,PBE,5.11317108e-02
4.14000000e+00,0.5324,NN,1.33502334e-01
4.14000000e+00,0.5324,PBE,1.49774488e-01
4.14000000e+00,0.7985,NN,1.95672184e-01
4.14000000e+00,0.7985,PBE,1.95825648e-01
4.14000000e+00,1.0647,NN,2.52726316e-01
4.14000000e+00,1.0647,PBE,2.39065314e-01
4.14000000e+00,1.3308,NN,3.04217994e-01
4.14000000e+00,1.3308,PBE,3.16424935e-01
4.16000000e+00,0.2662,NN,6.71592727e-02
4.16000000e+00,0.2662,PBE,5.06072952e-02
4.16000000e+00,0.5324,NN,1.32142201e-01
4.16000000e+00,0.5324,PBE,1.48250550e-01
4.16000000e+00,0.7985,NN,1.93692118e-01
4.16000000e+00,0.7985,PBE,1.93845247e-01
4.16000000e+00,1.0647,NN,2.50193805e-01
4.16000000e+00,1.0647,PBE,2.36664193e-01
4.16000000e+00,1.3308,NN,3.01201314e-01
4.16000000e+00,1.3308,PBE,3.13292595e-01
4.18000000e+00,0.2662,NN,6.64745346e-02
4.18000000e+00,0.2662,PBE,5.00885704e-02
4.18000000e+00,0.5324,NN,1.30796775e-01
4.18000000e+00,0.5324,PBE,1.46742812e-01
4.18000000e+00,0.7985,NN,1.91732734e-01
4.18000000e+00,0.7985,PBE,1.91885572e-01
4.18000000e+00,1.0647,NN,2.47687116e-01
4.18000000e+00,1.0647,PBE,2.34287764e-01
4.18000000e+00,1.3308,NN,2.98214614e-01
4.18000000e+00,1.3308,PBE,3.10191300e-01
4.20000000e+00,0.2662,NN,6.57971054e-02
4.20000000e+00,0.2662,PBE,4.95754652e-02
4.20000000e+00,0.5324,NN,1.29465684e-01
4.20000000e+00,0.5324,PBE,1.45251083e-01
4.20000000e+00,0.7985,NN,1.89793900e-01
4.20000000e+00,0.7985,PBE,1.89946385e-01
4.20000000e+00,1.0647,NN,2.45206028e-01
4.20000000e+00,1.0647,PBE,2.31935753e-01
4.20000000e+00,1.3308,NN,2.95257598e-01
4.20000000e+00,1.3308,PBE,3.07120735e-01
4.22000000e+00,0.2662,NN,6.51269406e-02
4.22000000e+00,0.2662,PBE,4.90679097e-02
4.22000000e+00,0.5324,NN,1.28148809e-01
4.22000000e+00,0.5324,PBE,1.43775171e-01
4.22000000e+00,0.7985,NN,1.87875345e-01
4.22000000e+00,0.7985,PBE,1.88027451e-01
4.22000000e+00,1.0647,NN,2.42750168e-01
4.22000000e+00,1.0647,PBE,2.29607890e-01
4.22000000e+00,1.3308,NN,2.92329907e-01
4.22000000e+00,1.3308,PBE,3.04080588e-01
4.24000000e+00,0.2662,NN,6.44639730e-02
4.24000000e+00,0.2662,PBE,4.85658351e-02
4.24000000e+00,0.5324,NN,1.26846015e-01
4.24000000e+00,0.5324,PBE,1.42314888e-01
4.24000000e+00,0.7985,NN,1.85976863e-01
4.24000000e+00,0.7985,PBE,1.86128537e-01
4.24000000e+00,1.0647,NN,2.40319431e-01
4.24000000e+00,1.0647,PBE,2.27303909e-01
4.24000000e+00,1.3308,NN,2.89431304e-01
4.24000000e+00,1.3308,PBE,3.01070551e-01
4.26000000e+00,0.2662,NN,6.38081133e-02
4.26000000e+00,0.2662,PBE,4.80691738e-02
4.26000000e+00,0.5324,NN,1.25557050e-01
4.26000000e+00,0.5324,PBE,1.40870051e-01
4.26000000e+00,0.7985,NN,1.84098125e-01
4.26000000e+00,0.7985,PBE,1.84249415e-01
4.26000000e+00,1.0647,NN,2.37913236e-01
4.26000000e+00,1.0647,PBE,2.25023549e-01
4.26000000e+00,1.3308,NN,2.86561489e-01
4.26000000e+00,1.3308,PBE,2.98090319e-01
4.28000000e+00,0.2662,NN,6.31592646e-02
4.28000000e+00,0.2662,PBE,4.75778592e-02
4.28000000e+00,0.5324,NN,1.24281831e-01
4.28000000e+00,0.5324,PBE,1.39440476e-01
4.28000000e+00,0.7985,NN,1.82238981e-01
4.28000000e+00,0.7985,PBE,1.82389859e-01
4.28000000e+00,1.0647,NN,2.35531598e-01
4.28000000e+00,1.0647,PBE,2.22766550e-01
4.28000000e+00,1.3308,NN,2.83720046e-01
4.28000000e+00,1.3308,PBE,2.95139592e-01
4.30000000e+00,0.2662,NN,6.25173301e-02
4.30000000e+00,0.2662,PBE,4.70918257e-02
4.30000000e+00,0.5324,NN,1.23020157e-01
4.30000000e+00,0.5324,PBE,1.38025986e-01
4.30000000e+00,0.7985,NN,1.80399150e-01
4.30000000e+00,0.7985,PBE,1.80549648e-01
4.30000000e+00,1.0647,NN,2.33174235e-01
4.30000000e+00,1.0647,PBE,2.20532657e-01
4.30000000e+00,1.3308,NN,2.80906945e-01
4.30000000e+00,1.3308,PBE,2.92218072e-01
4.32000000e+00,0.2662,NN,6.18822128e-02
4.32000000e+00,0.2662,PBE,4.66110088e-02
4.32000000e+00,0.5324,NN,1.21771790e-01
4.32000000e+00,0.5324,PBE,1.36626403e-01
4.32000000e+00,0.7985,NN,1.78578541e-01
4.32000000e+00,0.7985,PBE,1.78728561e-01
4.32000000e+00,1.0647,NN,2.30840787e-01
4.32000000e+00,1.0647,PBE,2.18321616e-01
4.32000000e+00,1.3308,NN,2.78121620e-01
4.32000000e+00,1.3308,PBE,2.89325463e-01
4.34000000e+00,0.2662,NN,6.12539016e-02
4.34000000e+00,0.2662,PBE,4.61353450e-02
4.34000000e+00,0.5324,NN,1.20536692e-01
4.34000000e+00,0.5324,PBE,1.35241553e-01
4.34000000e+00,0.7985,NN,1.76776797e-01
4.34000000e+00,0.7985,PBE,1.76926383e-01
4.34000000e+00,1.0647,NN,2.28530854e-01
4.34000000e+00,1.0647,PBE,2.16133180e-01
4.34000000e+00,1.3308,NN,2.75363863e-01
4.34000000e+00,1.3308,PBE,2.86461476e-01
4.36000000e+00,0.2662,NN,6.06322028e-02
4.36000000e+00,0.2662,PBE,4.56647718e-02
4.36000000e+00,0.5324,NN,1.19314715e-01
4.36000000e+00,0.5324,PBE,1.33871265e-01
4.36000000e+00,0.7985,NN,1.74993813e-01
4.36000000e+00,0.7985,PBE,1.75142900e-01
4.36000000e+00,1.0647,NN,2.26244599e-01
4.36000000e+00,1.0647,PBE,2.13967103e-01
4.36000000e+00,1.3308,NN,2.72633493e-01
4.36000000e+00,1.3308,PBE,2.83625821e-01
4.38000000e+00,0.2662,NN,6.00171126e-02
4.38000000e+00,0.2662,PBE,4.51992277e-02
4.38000000e+00,0.5324,NN,1.18105523e-01
4.38000000e+00,0.5324,PBE,1.32515369e-01
4.38000000e+00,0.7985,NN,1.73229307e-01
4.38000000e+00,0.7985,PBE,1.73377903e-01
4.38000000e+00,1.0647,NN,2.23981291e-01
4.38000000e+00,1.0647,PBE,2.11823141e-01
4.38000000e+00,1.3308,NN,2.69930214e-01
4.38000000e+00,1.3308,PBE,2.80818215e-01
4.40000000e+00,0.2662,NN,5.94085120e-02
4.40000000e+00,0.2662,PBE,4.47386521e-02
4.40000000e+00,0.5324,NN,1.16909191e-01
4.40000000e+00,0.5324,PBE,1.31173700e-01
4.40000000e+00,0.7985,NN,1.71483144e-01
4.40000000e+00,0.7985,PBE,1.71631183e-01
4.40000000e+00,1.0647,NN,2.21741065e-01
4.40000000e+00,1.0647,PBE,2.09701055e-01
4.40000000e+00,1.3308,NN,2.67253637e-01
4.40000000e+00,1.3308,PBE,2.78038375e-01
4.42000000e+00,0.2662,NN,5.88064231e-02
4.42000000e+00,0.2662,PBE,4.42829854e-02
4.42000000e+00,0.5324,NN,1.15725346e-01
4.42000000e+00,0.5324,PBE,1.29846092e-01
4.42000000e+00,0.7985,NN,1.69754863e-01
4.42000000e+00,0.7985,PBE,1.69902536e-01
4.42000000e+00,1.0647,NN,2.19523519e-01
4.42000000e+00,1.0647,PBE,2.07600609e-01
4.42000000e+00,1.3308,NN,2.64603615e-01
4.42000000e+00,1.3308,PBE,2.75286023e-01
4.44000000e+00,0.2662,NN,5.82106411e-02
4.44000000e+00,0.2662,PBE,4.38321687e-02
4.44000000e+00,0.5324,NN,1.14554085e-01
4.44000000e+00,0.5324,PBE,1.28532384e-01
4.44000000e+00,0.7985,NN,1.68044612e-01
4.44000000e+00,0.7985,PBE,1.68191760e-01
4.44000000e+00,1.0647,NN,2.17328444e-01
4.44000000e+00,1.0647,PBE,2.05521569e-01
4.44000000e+00,1.3308,NN,2.61979759e-01
4.44000000e+00,1.3308,PBE,2.72560883e-01
4.46000000e+00,0.2662,NN,5.76211587e-02
4.46000000e+00,0.2662,PBE,4.33861443e-02
4.46000000e+00,0.5324,NN,1.13395073e-01
4.46000000e+00,0.5324,PBE,1.27232417e-01
4.46000000e+00,0.7985,NN,1.66352019e-01
4.46000000e+00,0.7985,PBE,1.66498656e-01
4.46000000e+00,1.0647,NN,2.15155557e-01
4.46000000e+00,1.0647,PBE,2.03463704e-01
4.46000000e+00,1.3308,NN,2.59381950e-01
4.46000000e+00,1.3308,PBE,2.69862683e-01
4.48000000e+00,0.2662,NN,5.70378527e-02
4.48000000e+00,0.2662,PBE,4.29448551e-02
4.48000000e+00,0.5324,NN,1.12248227e-01
4.48000000e+00,0.5324,PBE,1.25946032e-01
4.48000000e+00,0.7985,NN,1.64676875e-01
4.48000000e+00,0.7985,PBE,1.64823028e-01
4.48000000e+00,1.0647,NN,2.13004574e-01
4.48000000e+00,1.0647,PBE,2.01426787e-01
4.48000000e+00,1.3308,NN,2.56809801e-01
4.48000000e+00,1.3308,PBE,2.67191153e-01
4.50000000e+00,0.2662,NN,5.64607456e-02
4.50000000e+00,0.2662,PBE,4.25082451e-02
4.50000000e+00,0.5324,NN,1.11113429e-01
4.50000000e+00,0.5324,PBE,1.24673076e-01
4.50000000e+00,0.7985,NN,1.63019046e-01
4.50000000e+00,0.7985,PBE,1.63164681e-01
4.50000000e+00,1.0647,NN,2.10875347e-01
4.50000000e+00,1.0647,PBE,1.99410593e-01
4.50000000e+00,1.3308,NN,2.54263222e-01
4.50000000e+00,1.3308,PBE,2.64546027e-01
4.52000000e+00,0.2662,NN,5.58896661e-02
4.52000000e+00,0.2662,PBE,4.20762589e-02
4.52000000e+00,0.5324,NN,1.09990485e-01
4.52000000e+00,0.5324,PBE,1.23413394e-01
4.52000000e+00,0.7985,NN,1.61378309e-01
4.52000000e+00,0.7985,PBE,1.61523424e-01
4.52000000e+00,1.0647,NN,2.08767697e-01
4.52000000e+00,1.0647,PBE,1.97414899e-01
4.52000000e+00,1.3308,NN,2.51741767e-01
4.52000000e+00,1.3308,PBE,2.61927040e-01
4.54000000e+00,0.2662,NN,5.53245544e-02
4.54000000e+00,0.2662,PBE,4.16488420e-02
4.54000000e+00,0.5324,NN,1.08879291e-01
4.54000000e+00,0.5324,PBE,1.22166837e-01
4.54000000e+00,0.7985,NN,1.59754381e-01
4.54000000e+00,0.7985,PBE,1.59899068e-01
4.54000000e+00,1.0647,NN,2.06681237e-01
4.54000000e+00,1.0647,PBE,1.95439487e-01
4.54000000e+00,1.3308,NN,2.49245241e-01
4.54000000e+00,1.3308,PBE,2.59333932e-01
4.56000000e+00,0.2662,NN,5.47654107e-02
4.56000000e+00,0.2662,PBE,4.12259408e-02
4.56000000e+00,0.5324,NN,1.07779652e-01
4.56000000e+00,0.5324,PBE,1.20933254e-01
4.56000000e+00,0.7985,NN,1.58147201e-01
4.56000000e+00,0.7985,PBE,1.58291427e-01
4.56000000e+00,1.0647,NN,2.04615757e-01
4.56000000e+00,1.0647,PBE,1.93484139e-01
4.56000000e+00,1.3308,NN,2.46773347e-01
4.56000000e+00,1.3308,PBE,2.56766445e-01
4.58000000e+00,0.2662,NN,5.42120747e-02
4.58000000e+00,0.2662,PBE,4.08075024e-02
4.58000000e+00,0.5324,NN,1.06691606e-01
4.58000000e+00,0.5324,PBE,1.19712500e-01
4.58000000e+00,0.7985,NN,1.56556562e-01
4.58000000e+00,0.7985,PBE,1.56700318e-01
4.58000000e+00,1.0647,NN,2.02571288e-01
4.58000000e+00,1.0647,PBE,1.91548643e-01
4.58000000e+00,1.3308,NN,2.44325966e-01
4.58000000e+00,1.3308,PBE,2.54224323e-01
4.60000000e+00,0.2662,NN,5.36645651e-02
4.60000000e+00,0.2662,PBE,4.03934746e-02
4.60000000e+00,0.5324,NN,1.05614804e-01
4.60000000e+00,0.5324,PBE,1.18504430e-01
4.60000000e+00,0.7985,NN,1.54982254e-01
4.60000000e+00,0.7985,PBE,1.55125558e-01
4.60000000e+00,1.0647,NN,2.00547308e-01
4.60000000e+00,1.0647,PBE,1.89632785e-01
4.60000000e+00,1.3308,NN,2.41902813e-01
4.60000000e+00,1.3308,PBE,2.51707314e-01
4.62000000e+00,0.2662,NN,5.31227775e-02
4.62000000e+00,0.2662,PBE,3.99838062e-02
4.62000000e+00,0.5324,NN,1.04549251e-01
4.62000000e+00,0.5324,PBE,1.17308901e-01
4.62000000e+00,0.7985,NN,1.53424203e-01
4.62000000e+00,0.7985,PBE,1.53566968e-01
4.62000000e+00,1.0647,NN,1.98543757e-01
4.62000000e+00,1.0647,PBE,1.87736358e-01
4.62000000e+00,1.3308,NN,2.39503562e-01
4.62000000e+00,1.3308,PBE,2.49215166e-01
4.64000000e+00,0.2662,NN,5.25866263e-02
4.64000000e+00,0.2662,PBE,3.95784464e-02
4.64000000e+00,0.5324,NN,1.03494793e-01
4.64000000e+00,0.5324,PBE,1.16125773e-01
4.64000000e+00,0.7985,NN,1.51882052e-01
4.64000000e+00,0.7985,PBE,1.52024371e-01
4.64000000e+00,1.0647,NN,1.96560487e-01
4.64000000e+00,1.0647,PBE,1.85859155e-01
4.64000000e+00,1.3308,NN,2.37128034e-01
4.64000000e+00,1.3308,PBE,2.46747634e-01
4.66000000e+00,0.2662,NN,5.20560481e-02
4.66000000e+00,0.2662,PBE,3.91773454e-02
4.66000000e+00,0.5324,NN,1.02451250e-01
4.66000000e+00,0.5324,PBE,1.14954905e-01
4.66000000e+00,0.7985,NN,1.50355697e-01
4.66000000e+00,0.7985,PBE,1.50497594e-01
4.66000000e+00,1.0647,NN,1.94597170e-01
4.66000000e+00,1.0647,PBE,1.84000973e-01
4.66000000e+00,1.3308,NN,2.34776020e-01
4.66000000e+00,1.3308,PBE,2.44304473e-01
4.68000000e+00,0.2662,NN,5.15310243e-02
4.68000000e+00,0.2662,PBE,3.87804540e-02
4.68000000e+00,0.5324,NN,1.01418614e-01
4.68000000e+00,0.5324,PBE,1.13796162e-01
4.68000000e+00,0.7985,NN,1.48845017e-01
4.68000000e+00,0.7985,PBE,1.48986462e-01
4.68000000e+00,1.0647,NN,1.92653507e-01
4.68000000e+00,1.0647,PBE,1.82161610e-01
4.68000000e+00,1.3308,NN,2.32447207e-01
4.68000000e+00,1.3308,PBE,2.41885439e-01
4.70000000e+00,0.2662,NN,5.10114767e-02
4.70000000e+00,0.2662,PBE,3.83877237e-02
4.70000000e+00,0.5324,NN,1.00396603e-01
4.70000000e+00,0.5324,PBE,1.12649408e-01
4.70000000e+00,0.7985,NN,1.47349700e-01
4.70000000e+00,0.7985,PBE,1.47490807e-01
4.70000000e+00,1.0647,NN,1.90729439e-01
4.70000000e+00,1.0647,PBE,1.80340867e-01
4.70000000e+00,1.3308,NN,2.30141446e-01
4.70000000e+00,1.3308,PBE,2.39490294e-01
4.72000000e+00,0.2662,NN,5.04973382e-02
4.72000000e+00,0.2662,PBE,3.79991067e-02
4.72000000e+00,0.5324,NN,9.93852019e-02
4.72000000e+00,0.5324,PBE,1.11514509e-01
4.72000000e+00,0.7985,NN,1.45869821e-01
4.72000000e+00,0.7985,PBE,1.46010460e-01
4.72000000e+00,1.0647,NN,1.88824818e-01
4.72000000e+00,1.0647,PBE,1.78538548e-01
4.72000000e+00,1.3308,NN,2.27858454e-01
4.72000000e+00,1.3308,PBE,2.37118800e-01
4.74000000e+00,0.2662,NN,4.99885082e-02
4.74000000e+00,0.2662,PBE,3.76145559e-02
4.74000000e+00,0.5324,NN,9.83843207e-02
4.74000000e+00,0.5324,PBE,1.10391335e-01
4.74000000e+00,0.7985,NN,1.44404978e-01
4.74000000e+00,0.7985,PBE,1.44545255e-01
4.74000000e+00,1.0647,NN,1.86939165e-01
4.74000000e+00,1.0647,PBE,1.76754458e-01
4.74000000e+00,1.3308,NN,2.25598052e-01
4.74000000e+00,1.3308,PBE,2.34770723e-01
4.76000000e+00,0.2662,NN,4.94849533e-02
4.76000000e+00,0.2662,PBE,3.72340248e-02
4.76000000e+00,0.5324,NN,9.73937213e-02
4.76000000e+00,0.5324,PBE,1.09279754e-01
4.76000000e+00,0.7985,NN,1.42955124e-01
4.76000000e+00,0.7985,PBE,1.43095029e-01
4.76000000e+00,1.0647,NN,1.85072675e-01
4.76000000e+00,1.0647,PBE,1.74988406e-01
4.76000000e+00,1.3308,NN,2.23359957e-01
4.76000000e+00,1.3308,PBE,2.32445830e-01
4.78000000e+00,0.2662,NN,4.89866138e-02
4.78000000e+00,0.2662,PBE,3.68574675e-02
4.78000000e+00,0.5324,NN,9.64133963e-02
4.78000000e+00,0.5324,PBE,1.08179639e-01
4.78000000e+00,0.7985,NN,1.41520143e-01
4.78000000e+00,0.7985,PBE,1.41659619e-01
4.78000000e+00,1.0647,NN,1.83224738e-01
4.78000000e+00,1.0647,PBE,1.73240202e-01
4.78000000e+00,1.3308,NN,2.21143901e-01
4.78000000e+00,1.3308,PBE,2.30143892e-01
4.80000000e+00,0.2662,NN,4.84934449e-02
4.80000000e+00,0.2662,PBE,3.64848389e-02
4.80000000e+00,0.5324,NN,9.54432562e-02
4.80000000e+00,0.5324,PBE,1.07090863e-01
4.80000000e+00,0.7985,NN,1.40099734e-01
4.80000000e+00,0.7985,PBE,1.40238866e-01
4.80000000e+00,1.0647,NN,1.81395471e-01
4.80000000e+00,1.0647,PBE,1.71509658e-01
4.80000000e+00,1.3308,NN,2.18949854e-01
4.80000000e+00,1.3308,PBE,2.27864681e-01
4.82000000e+00,0.2662,NN,4.80053648e-02
4.82000000e+00,0.2662,PBE,3.61160944e-02
4.82000000e+00,0.5324,NN,9.44829881e-02
4.82000000e+00,0.5324,PBE,1.06013301e-01
4.82000000e+00,0.7985,NN,1.38693884e-01
4.82000000e+00,0.7985,PBE,1.38832612e-01
4.82000000e+00,1.0647,NN,1.79584533e-01
4.82000000e+00,1.0647,PBE,1.69796590e-01
4.82000000e+00,1.3308,NN,2.16777429e-01
4.82000000e+00,1.3308,PBE,2.25607973e-01
4.84000000e+00,0.2662,NN,4.75223437e-02
4.84000000e+00,0.2662,PBE,3.57511901e-02
4.84000000e+00,0.5324,NN,9.35326591e-02
4.84000000e+00,0.5324,PBE,1.04946831e-01
4.84000000e+00,0.7985,NN,1.37302265e-01
4.84000000e+00,0.7985,PBE,1.37440700e-01
4.84000000e+00,1.0647,NN,1.77791864e-01
4.84000000e+00,1.0647,PBE,1.68100814e-01
4.84000000e+00,1.3308,NN,2.14626431e-01
4.84000000e+00,1.3308,PBE,2.23373543e-01
4.86000000e+00,0.2662,NN,4.70443740e-02
4.86000000e+00,0.2662,PBE,3.53900825e-02
4.86000000e+00,0.5324,NN,9.25921425e-02
4.86000000e+00,0.5324,PBE,1.03891329e-01
4.86000000e+00,0.7985,NN,1.35924846e-01
4.86000000e+00,0.7985,PBE,1.36062979e-01
4.86000000e+00,1.0647,NN,1.76017120e-01
4.86000000e+00,1.0647,PBE,1.66422150e-01
4.86000000e+00,1.3308,NN,2.12496698e-01
4.86000000e+00,1.3308,PBE,2.21161173e-01
4.88000000e+00,0.2662,NN,4.65712659e-02
4.88000000e+00,0.2662,PBE,3.50327289e-02
4.88000000e+00,0.5324,NN,9.16613117e-02
4.88000000e+00,0.5324,PBE,1.02846676e-01
4.88000000e+00,0.7985,NN,1.34561464e-01
4.88000000e+00,0.7985,PBE,1.34699294e-01
4.88000000e+00,1.0647,NN,1.74260184e-01
4.88000000e+00,1.0647,PBE,1.64760418e-01
4.88000000e+00,1.3308,NN,2.10387975e-01
4.88000000e+00,1.3308,PBE,2.18970643e-01
4.90000000e+00,0.2662,NN,4.61030491e-02
4.90000000e+00,0.2662,PBE,3.46790872e-02
4.90000000e+00,0.5324,NN,9.07400772e-02
4.90000000e+00,0.5324,PBE,1.01812754e-01
4.90000000e+00,0.7985,NN,1.33211911e-01
4.90000000e+00,0.7985,PBE,1.33349496e-01
4.90000000e+00,1.0647,NN,1.72520906e-01
4.90000000e+00,1.0647,PBE,1.63115442e-01
4.90000000e+00,1.3308,NN,2.08300218e-01
4.90000000e+00,1.3308,PBE,2.16801739e-01
4.92000000e+00,0.2662,NN,4.56396714e-02
4.92000000e+00,0.2662,PBE,3.43291155e-02
4.92000000e+00,0.5324,NN,8.98282975e-02
4.92000000e+00,0.5324,PBE,1.00789446e-01
4.92000000e+00,0.7985,NN,1.31876156e-01
4.92000000e+00,0.7985,PBE,1.32013436e-01
4.92000000e+00,1.0647,NN,1.70799032e-01
4.92000000e+00,1.0647,PBE,1.61487047e-01
4.92000000e+00,1.3308,NN,2.06233010e-01
4.92000000e+00,1.3308,PBE,2.14654245e-01
4.94000000e+00,0.2662,NN,4.51810136e-02
4.94000000e+00,0.2662,PBE,3.39827730e-02
4.94000000e+00,0.5324,NN,8.89257789e-02
4.94000000e+00,0.5324,PBE,9.97766347e-02
4.94000000e+00,0.7985,NN,1.30553916e-01
4.94000000e+00,0.7985,PBE,1.30690969e-01
4.94000000e+00,1.0647,NN,1.69094354e-01
4.94000000e+00,1.0647,PBE,1.59875061e-01
4.94000000e+00,1.3308,NN,2.04186097e-01
4.94000000e+00,1.3308,PBE,2.12527951e-01
4.96000000e+00,0.2662,NN,4.47271354e-02
4.96000000e+00,0.2662,PBE,3.36400191e-02
4.96000000e+00,0.5324,NN,8.80325809e-02
4.96000000e+00,0.5324,PBE,9.87742072e-02
4.96000000e+00,0.7985,NN,1.29245132e-01
4.96000000e+00,0.7985,PBE,1.29381949e-01
4.96000000e+00,1.0647,NN,1.67406872e-01
4.96000000e+00,1.0647,PBE,1.58279313e-01
4.96000000e+00,1.3308,NN,2.02159479e-01
4.96000000e+00,1.3308,PBE,2.10422648e-01
4.98000000e+00,0.2662,NN,4.42778915e-02
4.98000000e+00,0.2662,PBE,3.33008137e-02
4.98000000e+00,0.5324,NN,8.71486291e-02
4.98000000e+00,0.5324,PBE,9.77820505e-02
4.98000000e+00,0.7985,NN,1.27949610e-01
4.98000000e+00,0.7985,PBE,1.28086233e-01
4.98000000e+00,1.0647,NN,1.65736124e-01
4.98000000e+00,1.0647,PBE,1.56699634e-01
4.98000000e+00,1.3308,NN,2.00152919e-01
4.98000000e+00,1.3308,PBE,2.08338127e-01
5.00000000e+00,0.2662,NN,4.38332967e-02
5.00000000e+00,0.2662,PBE,3.29651175e-02
5.00000000e+00,0.5324,NN,8.62735882e-02
5.00000000e+00,0.5324,PBE,9.68000533e-02
5.00000000e+00,0.7985,NN,1.26667351e-01
5.00000000e+00,0.7985,PBE,1.26803680e-01
5.00000000e+00,1.0647,NN,1.64082348e-01
5.00000000e+00,1.0647,PBE,1.55135858e-01
5.00000000e+00,1.3308,NN,1.98166117e-01
5.00000000e+00,1.3308,PBE,2.06274184e-01
5.02000000e+00,0.2662,NN,4.33932394e-02
5.02000000e+00,0.2662,PBE,3.26328915e-02
5.02000000e+00,0.5324,NN,8.54075700e-02
5.02000000e+00,0.5324,PBE,9.58281056e-02
5.02000000e+00,0.7985,NN,1.25397921e-01
5.02000000e+00,0.7985,PBE,1.25534150e-01
5.02000000e+00,1.0647,NN,1.62445009e-01
5.02000000e+00,1.0647,PBE,1.53587819e-01
5.02000000e+00,1.3308,NN,1.96199059e-01
5.02000000e+00,1.3308,PBE,2.04230616e-01
5.04000000e+00,0.2662,NN,4.29577008e-02
5.04000000e+00,0.2662,PBE,3.23040972e-02
5.04000000e+00,0.5324,NN,8.45504180e-02
5.04000000e+00,0.5324,PBE,9.48660989e-02
5.04000000e+00,0.7985,NN,1.24141581e-01
5.04000000e+00,0.7985,PBE,1.24277505e-01
5.04000000e+00,1.0647,NN,1.60824105e-01
5.04000000e+00,1.0647,PBE,1.52055354e-01
5.04000000e+00,1.3308,NN,1.94251269e-01
5.04000000e+00,1.3308,PBE,2.02207221e-01
5.06000000e+00,0.2662,NN,4.25266549e-02
5.06000000e+00,0.2662,PBE,3.19786967e-02
5.06000000e+00,0.5324,NN,8.37020278e-02
5.06000000e+00,0.5324,PBE,9.39139260e-02
5.06000000e+00,0.7985,NN,1.22897796e-01
5.06000000e+00,0.7985,PBE,1.23033610e-01
5.06000000e+00,1.0647,NN,1.59219280e-01
5.06000000e+00,1.0647,PBE,1.50538303e-01
5.06000000e+00,1.3308,NN,1.92322835e-01
5.06000000e+00,1.3308,PBE,2.00203802e-01
5.08000000e+00,0.2662,NN,4.20999937e-02
5.08000000e+00,0.2662,PBE,3.16566526e-02
5.08000000e+00,0.5324,NN,8.28622654e-02
5.08000000e+00,0.5324,PBE,9.29714810e-02
5.08000000e+00,0.7985,NN,1.21666618e-01
5.08000000e+00,0.7985,PBE,1.21802328e-01
5.08000000e+00,1.0647,NN,1.57630667e-01
5.08000000e+00,1.0647,PBE,1.49036506e-01
5.08000000e+00,1.3308,NN,1.90413430e-01
5.08000000e+00,1.3308,PBE,1.98220160e-01
5.10000000e+00,0.2662,NN,4.16777246e-02
5.10000000e+00,0.2662,PBE,3.13379279e-02
5.10000000e+00,0.5324,NN,8.20311159e-02
5.10000000e+00,0.5324,PBE,9.20386592e-02
5.10000000e+00,0.7985,NN,1.20447971e-01
5.10000000e+00,0.7985,PBE,1.20583527e-01
5.10000000e+00,1.0647,NN,1.56057954e-01
5.10000000e+00,1.0647,PBE,1.47549805e-01
5.10000000e+00,1.3308,NN,1.88522831e-01
5.10000000e+00,1.3308,PBE,1.96256101e-01
5.12000000e+00,0.2662,NN,4.12597880e-02
5.12000000e+00,0.2662,PBE,3.10224861e-02
5.12000000e+00,0.5324,NN,8.12084302e-02
5.12000000e+00,0.5324,PBE,9.11153574e-02
5.12000000e+00,0.7985,NN,1.19241662e-01
5.12000000e+00,0.7985,PBE,1.19377076e-01
5.12000000e+00,1.0647,NN,1.54500946e-01
5.12000000e+00,1.0647,PBE,1.46078044e-01
5.12000000e+00,1.3308,NN,1.86650887e-01
5.12000000e+00,1.3308,PBE,1.94311432e-01
5.14000000e+00,0.2662,NN,4.08460908e-02
5.14000000e+00,0.2662,PBE,3.07102913e-02
5.14000000e+00,0.5324,NN,8.03941712e-02
5.14000000e+00,0.5324,PBE,9.02014736e-02
5.14000000e+00,0.7985,NN,1.18047468e-01
5.14000000e+00,0.7985,PBE,1.18182845e-01
5.14000000e+00,1.0647,NN,1.52959451e-01
5.14000000e+00,1.0647,PBE,1.44621070e-01
5.14000000e+00,1.3308,NN,1.84797391e-01
5.14000000e+00,1.3308,PBE,1.92385962e-01
5.16000000e+00,0.2662,NN,4.04366516e-02
5.16000000e+00,0.2662,PBE,3.04013078e-02
5.16000000e+00,0.5324,NN,7.95881525e-02
5.16000000e+00,0.5324,PBE,8.92969068e-02
5.16000000e+00,0.7985,NN,1.16865471e-01
5.16000000e+00,0.7985,PBE,1.17000704e-01
5.16000000e+00,1.0647,NN,1.51433393e-01
5.16000000e+00,1.0647,PBE,1.43178730e-01
5.16000000e+00,1.3308,NN,1.82962239e-01
5.16000000e+00,1.3308,PBE,1.90479502e-01
5.18000000e+00,0.2662,NN,4.00313772e-02
5.18000000e+00,0.2662,PBE,3.00955006e-02
5.18000000e+00,0.5324,NN,7.87903741e-02
5.18000000e+00,0.5324,PBE,8.84015575e-02
5.18000000e+00,0.7985,NN,1.15695380e-01
5.18000000e+00,0.7985,PBE,1.15830528e-01
5.18000000e+00,1.0647,NN,1.49922639e-01
5.18000000e+00,1.0647,PBE,1.41750874e-01
5.18000000e+00,1.3308,NN,1.81145281e-01
5.18000000e+00,1.3308,PBE,1.88591864e-01
5.20000000e+00,0.2662,NN,3.96302603e-02
5.20000000e+00,0.2662,PBE,2.97928350e-02
5.20000000e+00,0.5324,NN,7.80006945e-02
5.20000000e+00,0.5324,PBE,8.75153273e-02
5.20000000e+00,0.7985,NN,1.14537098e-01
5.20000000e+00,0.7985,PBE,1.14672189e-01
5.20000000e+00,1.0647,NN,1.48426980e-01
5.20000000e+00,1.0647,PBE,1.40337352e-01
5.20000000e+00,1.3308,NN,1.79346174e-01
5.20000000e+00,1.3308,PBE,1.86722863e-01
5.22000000e+00,0.2662,NN,3.92332077e-02
5.22000000e+00,0.2662,PBE,2.94932768e-02
5.22000000e+00,0.5324,NN,7.72190541e-02
5.22000000e+00,0.5324,PBE,8.66381191e-02
5.22000000e+00,0.7985,NN,1.13390483e-01
5.22000000e+00,0.7985,PBE,1.13525566e-01
5.22000000e+00,1.0647,NN,1.46946222e-01
5.22000000e+00,1.0647,PBE,1.38938018e-01
5.22000000e+00,1.3308,NN,1.77564949e-01
5.22000000e+00,1.3308,PBE,1.84872316e-01
5.24000000e+00,0.2662,NN,3.88402194e-02
5.24000000e+00,0.2662,PBE,2.91967922e-02
5.24000000e+00,0.5324,NN,7.64454231e-02
5.24000000e+00,0.5324,PBE,8.57698367e-02
5.24000000e+00,0.7985,NN,1.12255462e-01
5.24000000e+00,0.7985,PBE,1.12390533e-01
5.24000000e+00,1.0647,NN,1.45480245e-01
5.24000000e+00,1.0647,PBE,1.37552725e-01
5.24000000e+00,1.3308,NN,1.75801292e-01
5.24000000e+00,1.3308,PBE,1.83040041e-01
5.26000000e+00,0.2662,NN,3.84512730e-02
5.26000000e+00,0.2662,PBE,2.89033478e-02
5.26000000e+00,0.5324,NN,7.56795853e-02
5.26000000e+00,0.5324,PBE,8.49103853e-02
5.26000000e+00,0.7985,NN,1.11131907e-01
5.26000000e+00,0.7985,PBE,1.11266972e-01
5.26000000e+00,1.0647,NN,1.44029006e-01
5.26000000e+00,1.0647,PBE,1.36181329e-01
5.26000000e+00,1.3308,NN,1.74055085e-01
5.26000000e+00,1.3308,PBE,1.81225858e-01
5.28000000e+00,0.2662,NN,3.80662344e-02
5.28000000e+00,0.2662,PBE,2.86129107e-02
5.28000000e+00,0.5324,NN,7.49215782e-02
5.28000000e+00,0.5324,PBE,8.40596711e-02
5.28000000e+00,0.7985,NN,1.10019781e-01
5.28000000e+00,0.7985,PBE,1.10154761e-01
5.28000000e+00,1.0647,NN,1.42592221e-01
5.28000000e+00,1.0647,PBE,1.34823689e-01
5.28000000e+00,1.3308,NN,1.72326073e-01
5.28000000e+00,1.3308,PBE,1.79429589e-01
5.30000000e+00,0.2662,NN,3.76851596e-02
5.30000000e+00,0.2662,PBE,2.83254484e-02
5.30000000e+00,0.5324,NN,7.41712153e-02
5.30000000e+00,0.5324,PBE,8.32176015e-02
5.30000000e+00,0.7985,NN,1.08918779e-01
5.30000000e+00,0.7985,PBE,1.09053783e-01
5.30000000e+00,1.0647,NN,1.41169816e-01
5.30000000e+00,1.0647,PBE,1.33479662e-01
5.30000000e+00,1.3308,NN,1.70614138e-01
5.30000000e+00,1.3308,PBE,1.77651057e-01
5.32000000e+00,0.2662,NN,3.73079441e-02
5.32000000e+00,0.2662,PBE,2.80409286e-02
5.32000000e+00,0.5324,NN,7.34285265e-02
5.32000000e+00,0.5324,PBE,8.23840849e-02
5.32000000e+00,0.7985,NN,1.07828923e-01
5.32000000e+00,0.7985,PBE,1.07963919e-01
5.32000000e+00,1.0647,NN,1.39761582e-01
5.32000000e+00,1.0647,PBE,1.32149110e-01
5.32000000e+00,1.3308,NN,1.68919146e-01
5.32000000e+00,1.3308,PBE,1.75890089e-01
5.34000000e+00,0.2662,NN,3.69345844e-02
5.34000000e+00,0.2662,PBE,2.77593197e-02
5.34000000e+00,0.5324,NN,7.26933256e-02
5.34000000e+00,0.5324,PBE,8.15590310e-02
5.34000000e+00,0.7985,NN,1.06749997e-01
5.34000000e+00,0.7985,PBE,1.06885055e-01
5.34000000e+00,1.0647,NN,1.38367385e-01
5.34000000e+00,1.0647,PBE,1.30831895e-01
5.34000000e+00,1.3308,NN,1.67240933e-01
5.34000000e+00,1.3308,PBE,1.74146511e-01
5.36000000e+00,0.2662,NN,3.65650058e-02
5.36000000e+00,0.2662,PBE,2.74805903e-02
5.36000000e+00,0.5324,NN,7.19655976e-02
5.36000000e+00,0.5324,PBE,8.07423501e-02
5.36000000e+00,0.7985,NN,1.05682001e-01
5.36000000e+00,0.7985,PBE,1.05817076e-01
5.36000000e+00,1.0647,NN,1.36987165e-01
5.36000000e+00,1.0647,PBE,1.29527881e-01
5.36000000e+00,1.3308,NN,1.65579244e-01
5.36000000e+00,1.3308,PBE,1.72420153e-01
5.38000000e+00,0.2662,NN,3.61992009e-02
5.38000000e+00,0.2662,PBE,2.72047094e-02
5.38000000e+00,0.5324,NN,7.12452009e-02
5.38000000e+00,0.5324,PBE,7.99339542e-02
5.38000000e+00,0.7985,NN,1.04624741e-01
5.38000000e+00,0.7985,PBE,1.04759869e-01
5.38000000e+00,1.0647,NN,1.35620698e-01
5.38000000e+00,1.0647,PBE,1.28236932e-01
5.38000000e+00,1.3308,NN,1.63933918e-01
5.38000000e+00,1.3308,PBE,1.70710845e-01
5.40000000e+00,0.2662,NN,3.58371139e-02
5.40000000e+00,0.2662,PBE,2.69316465e-02
5.40000000e+00,0.5324,NN,7.05322027e-02
5.40000000e+00,0.5324,PBE,7.91337557e-02
5.40000000e+00,0.7985,NN,1.03578120e-01
5.40000000e+00,0.7985,PBE,1.03713322e-01
5.40000000e+00,1.0647,NN,1.34267956e-01
5.40000000e+00,1.0647,PBE,1.26958916e-01
5.40000000e+00,1.3308,NN,1.62304953e-01
5.40000000e+00,1.3308,PBE,1.69018419e-01
5.42000000e+00,0.2662,NN,3.54786888e-02
5.42000000e+00,0.2662,PBE,2.66613713e-02
5.42000000e+00,0.5324,NN,6.98263496e-02
5.42000000e+00,0.5324,PBE,7.83416684e-02
5.42000000e+00,0.7985,NN,1.02542058e-01
5.42000000e+00,0.7985,PBE,1.02677324e-01
5.42000000e+00,1.0647,NN,1.32928595e-01
5.42000000e+00,1.0647,PBE,1.25693700e-01
5.42000000e+00,1.3308,NN,1.60692140e-01
5.42000000e+00,1.3308,PBE,1.67342709e-01
5.44000000e+00,0.2662,NN,3.51238959e-02
5.44000000e+00,0.2662,PBE,2.63938539e-02
5.44000000e+00,0.5324,NN,6.91276714e-02
5.44000000e+00,0.5324,PBE,7.75576070e-02
5.44000000e+00,0.7985,NN,1.01516441e-01
5.44000000e+00,0.7985,PBE,1.01651766e-01
5.44000000e+00,1.0647,NN,1.31602675e-01
5.44000000e+00,1.0647,PBE,1.24441153e-01
5.44000000e+00,1.3308,NN,1.59095153e-01
5.44000000e+00,1.3308,PBE,1.65683551e-01
5.46000000e+00,0.2662,NN,3.47727388e-02
5.46000000e+00,0.2662,PBE,2.61290649e-02
5.46000000e+00,0.5324,NN,6.84360936e-02
5.46000000e+00,0.5324,PBE,7.67814872e-02
5.46000000e+00,0.7985,NN,1.00501142e-01
5.46000000e+00,0.7985,PBE,1.00636540e-01
5.46000000e+00,1.0647,NN,1.30289942e-01
5.46000000e+00,1.0647,PBE,1.23201147e-01
5.46000000e+00,1.3308,NN,1.57514021e-01
5.46000000e+00,1.3308,PBE,1.64040782e-01
5.48000000e+00,0.2662,NN,3.44251469e-02
5.48000000e+00,0.2662,PBE,2.58669752e-02
5.48000000e+00,0.5324,NN,6.77514225e-02
5.48000000e+00,0.5324,PBE,7.60132257e-02
5.48000000e+00,0.7985,NN,9.94960219e-02
5.48000000e+00,0.7985,PBE,9.96315394e-02
5.48000000e+00,1.0647,NN,1.28990367e-01
5.48000000e+00,1.0647,PBE,1.21973555e-01
5.48000000e+00,1.3308,NN,1.55948430e-01
5.48000000e+00,1.3308,PBE,1.62414241e-01
5.50000000e+00,0.2662,NN,3.40810269e-02
5.50000000e+00,0.2662,PBE,2.56075559e-02
5.50000000e+00,0.5324,NN,6.70737550e-02
5.50000000e+00,0.5324,PBE,7.52527402e-02
5.50000000e+00,0.7985,NN,9.85010564e-02
5.50000000e+00,0.7985,PBE,9.86366575e-02
5.50000000e+00,1.0647,NN,1.27703726e-01
5.50000000e+00,1.0647,PBE,1.20758248e-01
5.50000000e+00,1.3308,NN,1.54398412e-01
5.50000000e+00,1.3308,PBE,1.60803769e-01
5.52000000e+00,0.2662,NN,3.37404646e-02
5.52000000e+00,0.2662,PBE,2.53507786e-02
5.52000000e+00,0.5324,NN,6.64029345e-02
5.52000000e+00,0.5324,PBE,7.44999491e-02
5.52000000e+00,0.7985,NN,9.75160971e-02
5.52000000e+00,0.7985,PBE,9.76517904e-02
5.52000000e+00,1.0647,NN,1.26429901e-01
5.52000000e+00,1.0647,PBE,1.19555104e-01
5.52000000e+00,1.3308,NN,1.52863696e-01
5.52000000e+00,1.3308,PBE,1.59209207e-01
5.54000000e+00,0.2662,NN,3.34032960e-02
5.54000000e+00,0.2662,PBE,2.50966152e-02
5.54000000e+00,0.5324,NN,6.57389089e-02
5.54000000e+00,0.5324,PBE,7.37547720e-02
5.54000000e+00,0.7985,NN,9.65410545e-02
5.54000000e+00,0.7985,PBE,9.66768346e-02
5.54000000e+00,1.0647,NN,1.25168845e-01
5.54000000e+00,1.0647,PBE,1.18363997e-01
5.54000000e+00,1.3308,NN,1.51344165e-01
5.54000000e+00,1.3308,PBE,1.57630399e-01
5.56000000e+00,0.2662,NN,3.30695920e-02
5.56000000e+00,0.2662,PBE,2.48450380e-02
5.56000000e+00,0.5324,NN,6.50815517e-02
5.56000000e+00,0.5324,PBE,7.30171294e-02
5.56000000e+00,0.7985,NN,9.55757797e-02
5.56000000e+00,0.7985,PBE,9.57116878e-02
5.56000000e+00,1.0647,NN,1.23920366e-01
5.56000000e+00,1.0647,PBE,1.17184807e-01
5.56000000e+00,1.3308,NN,1.49839684e-01
5.56000000e+00,1.3308,PBE,1.56067190e-01
5.58000000e+00,0.2662,NN,3.27392444e-02
5.58000000e+00,0.2662,PBE,2.45960194e-02
5.58000000e+00,0.5324,NN,6.44308329e-02
5.58000000e+00,0.5324,PBE,7.22869425e-02
5.58000000e+00,0.7985,NN,9.46202353e-02
5.58000000e+00,0.7985,PBE,9.47562491e-02
5.58000000e+00,1.0647,NN,1.22684255e-01
5.58000000e+00,1.0647,PBE,1.16017410e-01
5.58000000e+00,1.3308,NN,1.48350060e-01
5.58000000e+00,1.3308,PBE,1.54519427e-01
5.60000000e+00,0.2662,NN,3.24122235e-02
5.60000000e+00,0.2662,PBE,2.43495324e-02
5.60000000e+00,0.5324,NN,6.37866482e-02
5.60000000e+00,0.5324,PBE,7.15641337e-02
5.60000000e+00,0.7985,NN,9.36742797e-02
5.60000000e+00,0.7985,PBE,9.38104183e-02
5.60000000e+00,1.0647,NN,1.21460579e-01
5.60000000e+00,1.0647,PBE,1.14861689e-01
5.60000000e+00,1.3308,NN,1.46875218e-01
5.60000000e+00,1.3308,PBE,1.52986958e-01
5.62000000e+00,0.2662,NN,3.20885293e-02
5.62000000e+00,0.2662,PBE,2.41055502e-02
5.62000000e+00,0.5324,NN,6.31490573e-02
5.62000000e+00,0.5324,PBE,7.08486260e-02
5.62000000e+00,0.7985,NN,9.27378312e-02
5.62000000e+00,0.7985,PBE,9.28740966e-02
5.62000000e+00,1.0647,NN,1.20249160e-01
5.62000000e+00,1.0647,PBE,1.13717525e-01
5.62000000e+00,1.3308,NN,1.45414904e-01
5.62000000e+00,1.3308,PBE,1.51469633e-01
5.64000000e+00,0.2662,NN,3.17680985e-02
5.64000000e+00,0.2662,PBE,2.38640463e-02
5.64000000e+00,0.5324,NN,6.25178218e-02
5.64000000e+00,0.5324,PBE,7.01403435e-02
5.64000000e+00,0.7985,NN,9.18108001e-02
5.64000000e+00,0.7985,PBE,9.19471863e-02
5.64000000e+00,1.0647,NN,1.19049683e-01
5.64000000e+00,1.0647,PBE,1.12584799e-01
5.64000000e+00,1.3308,NN,1.43969089e-01
5.64000000e+00,1.3308,PBE,1.49967302e-01
5.66000000e+00,0.2662,NN,3.14509273e-02
5.66000000e+00,0.2662,PBE,2.36249945e-02
5.66000000e+00,0.5324,NN,6.18930124e-02
5.66000000e+00,0.5324,PBE,6.94392110e-02
5.66000000e+00,0.7985,NN,9.08930600e-02
5.66000000e+00,0.7985,PBE,9.10295906e-02
5.66000000e+00,1.0647,NN,1.17862262e-01
5.66000000e+00,1.0647,PBE,1.11463398e-01
5.66000000e+00,1.3308,NN,1.42537490e-01
5.66000000e+00,1.3308,PBE,1.48479819e-01
5.68000000e+00,0.2662,NN,3.11369617e-02
5.68000000e+00,0.2662,PBE,2.33883690e-02
5.68000000e+00,0.5324,NN,6.12744428e-02
5.68000000e+00,0.5324,PBE,6.87451543e-02
5.68000000e+00,0.7985,NN,8.99845287e-02
5.68000000e+00,0.7985,PBE,9.01212138e-02
5.68000000e+00,1.0647,NN,1.16686679e-01
5.68000000e+00,1.0647,PBE,1.10353204e-01
5.68000000e+00,1.3308,NN,1.41120136e-01
5.68000000e+00,1.3308,PBE,1.47007037e-01
5.70000000e+00,0.2662,NN,3.08261681e-02
5.70000000e+00,0.2662,PBE,2.31541441e-02
5.70000000e+00,0.5324,NN,6.06621616e-02
5.70000000e+00,0.5324,PBE,6.80580997e-02
5.70000000e+00,0.7985,NN,8.90852138e-02
5.70000000e+00,0.7985,PBE,8.92219614e-02
5.70000000e+00,1.0647,NN,1.15522839e-01
5.70000000e+00,1.0647,PBE,1.09254107e-01
5.70000000e+00,1.3308,NN,1.39716849e-01
5.70000000e+00,1.3308,PBE,1.45548812e-01
5.72000000e+00,0.2662,NN,3.05184908e-02
5.72000000e+00,0.2662,PBE,2.29222947e-02
5.72000000e+00,0.5324,NN,6.00560717e-02
5.72000000e+00,0.5324,PBE,6.73779748e-02
5.72000000e+00,0.7985,NN,8.81948546e-02
5.72000000e+00,0.7985,PBE,8.83317398e-02
5.72000000e+00,1.0647,NN,1.14370532e-01
5.72000000e+00,1.0647,PBE,1.08165992e-01
5.72000000e+00,1.3308,NN,1.38327450e-01
5.72000000e+00,1.3308,PBE,1.44105001e-01
5.74000000e+00,0.2662,NN,3.02139334e-02
5.74000000e+00,0.2662,PBE,2.26927958e-02
5.74000000e+00,0.5324,NN,5.94560541e-02
5.74000000e+00,0.5324,PBE,6.67047077e-02
5.74000000e+00,0.7985,NN,8.73134285e-02
5.74000000e+00,0.7985,PBE,8.74504564e-02
5.74000000e+00,1.0647,NN,1.13229834e-01
5.74000000e+00,1.0647,PBE,1.07088748e-01
5.74000000e+00,1.3308,NN,1.36951685e-01
5.74000000e+00,1.3308,PBE,1.42675462e-01
5.76000000e+00,0.2662,NN,2.99124718e-02
5.76000000e+00,0.2662,PBE,2.24656226e-02
5.76000000e+00,0.5324,NN,5.88620491e-02
5.76000000e+00,0.5324,PBE,6.60382274e-02
5.76000000e+00,0.7985,NN,8.64408985e-02
5.76000000e+00,0.7985,PBE,8.65780198e-02
5.76000000e+00,1.0647,NN,1.12100415e-01
5.76000000e+00,1.0647,PBE,1.06022267e-01
5.76000000e+00,1.3308,NN,1.35589585e-01
5.76000000e+00,1.3308,PBE,1.41260054e-01
5.78000000e+00,0.2662,NN,2.96140406e-02
5.78000000e+00,0.2662,PBE,2.22407508e-02
5.78000000e+00,0.5324,NN,5.82740903e-02
5.78000000e+00,0.5324,PBE,6.53784636e-02
5.78000000e+00,0.7985,NN,8.55771005e-02
5.78000000e+00,0.7985,PBE,8.57143392e-02
5.78000000e+00,1.0647,NN,1.10982329e-01
5.78000000e+00,1.0647,PBE,1.04966439e-01
5.78000000e+00,1.3308,NN,1.34241030e-01
5.78000000e+00,1.3308,PBE,1.39858640e-01
5.80000000e+00,0.2662,NN,2.93186363e-02
5.80000000e+00,0.2662,PBE,2.20181562e-02
5.80000000e+00,0.5324,NN,5.76920360e-02
5.80000000e+00,0.5324,PBE,6.47253469e-02
5.80000000e+00,0.7985,NN,8.47219676e-02
5.80000000e+00,0.7985,PBE,8.48593253e-02
5.80000000e+00,1.0647,NN,1.09875314e-01
5.80000000e+00,1.0647,PBE,1.03921157e-01
5.80000000e+00,1.3308,NN,1.32905871e-01
5.80000000e+00,1.3308,PBE,1.38471081e-01
5.82000000e+00,0.2662,NN,2.90261917e-02
5.82000000e+00,0.2662,PBE,2.17978151e-02
5.82000000e+00,0.5324,NN,5.71158268e-02
5.82000000e+00,0.5324,PBE,6.40788087e-02
5.82000000e+00,0.7985,NN,8.38754401e-02
5.82000000e+00,0.7985,PBE,8.40128893e-02
5.82000000e+00,1.0647,NN,1.08779438e-01
5.82000000e+00,1.0647,PBE,1.02886313e-01
5.82000000e+00,1.3308,NN,1.31583810e-01
5.82000000e+00,1.3308,PBE,1.37097241e-01
5.84000000e+00,0.2662,NN,2.87367105e-02
5.84000000e+00,0.2662,PBE,2.15797037e-02
5.84000000e+00,0.5324,NN,5.65454513e-02
5.84000000e+00,0.5324,PBE,6.34387810e-02
5.84000000e+00,0.7985,NN,8.30374062e-02
5.84000000e+00,0.7985,PBE,8.31749436e-02
5.84000000e+00,1.0647,NN,1.07694454e-01
5.84000000e+00,1.0647,PBE,1.01861803e-01
5.84000000e+00,1.3308,NN,1.30274937e-01
5.84000000e+00,1.3308,PBE,1.35736985e-01
5.86000000e+00,0.2662,NN,2.84501202e-02
5.86000000e+00,0.2662,PBE,2.13637989e-02
5.86000000e+00,0.5324,NN,5.59807867e-02
5.86000000e+00,0.5324,PBE,6.28051966e-02
5.86000000e+00,0.7985,NN,8.22077394e-02
5.86000000e+00,0.7985,PBE,8.23454016e-02
5.86000000e+00,1.0647,NN,1.06620304e-01
5.86000000e+00,1.0647,PBE,1.00847522e-01
5.86000000e+00,1.3308,NN,1.28979027e-01
5.86000000e+00,1.3308,PBE,1.34390180e-01
5.88000000e+00,0.2662,NN,2.81664450e-02
5.88000000e+00,0.2662,PBE,2.11500776e-02
5.88000000e+00,0.5324,NN,5.54218255e-02
5.88000000e+00,0.5324,PBE,6.21779892e-02
5.88000000e+00,0.7985,NN,8.13864097e-02
5.88000000e+00,0.7985,PBE,8.15241774e-02
5.88000000e+00,1.0647,NN,1.05556853e-01
5.88000000e+00,1.0647,PBE,9.98433679e-02
5.88000000e+00,1.3308,NN,1.27695903e-01
5.88000000e+00,1.3308,PBE,1.33056693e-01
5.90000000e+00,0.2662,NN,2.78856382e-02
5.90000000e+00,0.2662,PBE,2.09385170e-02
5.90000000e+00,0.5324,NN,5.48684970e-02
5.90000000e+00,0.5324,PBE,6.15570930e-02
5.90000000e+00,0.7985,NN,8.05733874e-02
5.90000000e+00,0.7985,PBE,8.07111863e-02
5.90000000e+00,1.0647,NN,1.04504034e-01
5.90000000e+00,1.0647,PBE,9.88492375e-02
5.90000000e+00,1.3308,NN,1.26425624e-01
5.90000000e+00,1.3308,PBE,1.31736393e-01
5.92000000e+00,0.2662,NN,2.76076309e-02
5.92000000e+00,0.2662,PBE,2.07290946e-02
5.92000000e+00,0.5324,NN,5.43206744e-02
5.92000000e+00,0.5324,PBE,6.09424431e-02
5.92000000e+00,0.7985,NN,7.97684491e-02
5.92000000e+00,0.7985,PBE,7.99063443e-02
5.92000000e+00,1.0647,NN,1.03461713e-01
5.92000000e+00,1.0647,PBE,9.78650302e-02
5.92000000e+00,1.3308,NN,1.25167847e-01
5.92000000e+00,1.3308,PBE,1.30429152e-01
5.94000000e+00,0.2662,NN,2.73324344e-02
5.94000000e+00,0.2662,PBE,2.05217882e-02
5.94000000e+00,0.5324,NN,5.37784174e-02
5.94000000e+00,0.5324,PBE,6.03339752e-02
5.94000000e+00,0.7985,NN,7.89716393e-02
5.94000000e+00,0.7985,PBE,7.91095684e-02
5.94000000e+00,1.0647,NN,1.02429800e-01
5.94000000e+00,1.0647,PBE,9.68906458e-02
5.94000000e+00,1.3308,NN,1.23922460e-01
5.94000000e+00,1.3308,PBE,1.29134840e-01
5.96000000e+00,0.2662,NN,2.70600002e-02
5.96000000e+00,0.2662,PBE,2.03165756e-02
5.96000000e+00,0.5324,NN,5.32416105e-02
5.96000000e+00,0.5324,PBE,5.97316259e-02
5.96000000e+00,0.7985,NN,7.81827495e-02
5.96000000e+00,0.7985,PBE,7.83207764e-02
5.96000000e+00,1.0647,NN,1.01408213e-01
5.96000000e+00,1.0647,PBE,9.59259856e-02
5.96000000e+00,1.3308,NN,1.22689523e-01
5.96000000e+00,1.3308,PBE,1.27853330e-01
5.98000000e+00,0.2662,NN,2.67903376e-02
5.98000000e+00,0.2662,PBE,2.01134352e-02
5.98000000e+00,0.5324,NN,5.27102053e-02
5.98000000e+00,0.5324,PBE,5.91353321e-02
5.98000000e+00,0.7985,NN,7.74018094e-02
5.98000000e+00,0.7985,PBE,7.75398871e-02
5.98000000e+00,1.0647,NN,1.00396700e-01
5.98000000e+00,1.0647,PBE,9.49709515e-02
5.98000000e+00,1.3308,NN,1.21468835e-01
5.98000000e+00,1.3308,PBE,1.26584496e-01
6.00000000e+00,0.2662,NN,2.65233647e-02
6.00000000e+00,0.2662,PBE,1.99123455e-02
6.00000000e+00,0.5324,NN,5.21840751e-02
6.00000000e+00,0.5324,PBE,5.85450319e-02
6.00000000e+00,0.7985,NN,7.66287223e-02
6.00000000e+00,0.7985,PBE,7.67668201e-02
6.00000000e+00,1.0647,NN,9.93954316e-02
6.00000000e+00,1.0647,PBE,9.40254466e-02
6.00000000e+00,1.3308,NN,1.20260201e-01
6.00000000e+00,1.3308,PBE,1.25328214e-01
6.02000000e+00,0.2662,NN,2.62590777e-02
6.02000000e+00,0.2662,PBE,1.97132851e-02
6.02000000e+00,0.5324,NN,5.16633317e-02
6.02000000e+00,0.5324,PBE,5.79606636e-02
6.02000000e+00,0.7985,NN,7.58633837e-02
6.02000000e+00,0.7985,PBE,7.60014958e-02
6.02000000e+00,1.0647,NN,9.84040201e-02
6.02000000e+00,1.0647,PBE,9.30893752e-02
6.02000000e+00,1.3308,NN,1.19063593e-01
6.02000000e+00,1.3308,PBE,1.24084361e-01
6.04000000e+00,0.2662,NN,2.59974487e-02
6.04000000e+00,0.2662,PBE,1.95162330e-02
6.04000000e+00,0.5324,NN,5.11477627e-02
6.04000000e+00,0.5324,PBE,5.73821664e-02
6.04000000e+00,0.7985,NN,7.51056969e-02
6.04000000e+00,0.7985,PBE,7.52438356e-02
6.04000000e+00,1.0647,NN,9.74226296e-02
6.04000000e+00,1.0647,PBE,9.21626421e-02
6.04000000e+00,1.3308,NN,1.17878832e-01
6.04000000e+00,1.3308,PBE,1.22852813e-01
6.06000000e+00,0.2662,NN,2.57384423e-02
6.06000000e+00,0.2662,PBE,1.93211684e-02
6.06000000e+00,0.5324,NN,5.06374314e-02
6.06000000e+00,0.5324,PBE,5.68094803e-02
6.06000000e+00,0.7985,NN,7.43556023e-02
6.06000000e+00,0.7985,PBE,7.44937616e-02
6.06000000e+00,1.0647,NN,9.64510217e-02
6.06000000e+00,1.0647,PBE,9.12451537e-02
6.06000000e+00,1.3308,NN,1.16705783e-01
6.06000000e+00,1.3308,PBE,1.21633450e-01
6.08000000e+00,0.2662,NN,2.54820548e-02
6.08000000e+00,0.2662,PBE,1.91280708e-02
6.08000000e+00,0.5324,NN,5.01321964e-02
6.08000000e+00,0.5324,PBE,5.62425456e-02
6.08000000e+00,0.7985,NN,7.36130327e-02
6.08000000e+00,0.7985,PBE,7.37511968e-02
6.08000000e+00,1.0647,NN,9.54890475e-02
6.08000000e+00,1.0647,PBE,9.03368168e-02
6.08000000e+00,1.3308,NN,1.15544468e-01
6.08000000e+00,1.3308,PBE,1.20426152e-01
6.10000000e+00,0.2662,NN,2.52282415e-02
6.10000000e+00,0.2662,PBE,1.89369198e-02
6.10000000e+00,0.5324,NN,4.96320389e-02
6.10000000e+00,0.5324,PBE,5.56813036e-02
6.10000000e+00,0.7985,NN,7.28779808e-02
6.10000000e+00,0.7985,PBE,7.30160649e-02
6.10000000e+00,1.0647,NN,9.45366621e-02
6.10000000e+00,1.0647,PBE,8.94375396e-02
6.10000000e+00,1.3308,NN,1.14394635e-01
6.10000000e+00,1.3308,PBE,1.19230801e-01
6.12000000e+00,0.2662,NN,2.49769706e-02
6.12000000e+00,0.2662,PBE,1.87476952e-02
6.12000000e+00,0.5324,NN,4.91368659e-02
6.12000000e+00,0.5324,PBE,5.51256959e-02
6.12000000e+00,0.7985,NN,7.21501857e-02
6.12000000e+00,0.7985,PBE,7.22882906e-02
6.12000000e+00,1.0647,NN,9.35938060e-02
6.12000000e+00,1.0647,PBE,8.85472310e-02
6.12000000e+00,1.3308,NN,1.13256171e-01
6.12000000e+00,1.3308,PBE,1.18047278e-01
6.14000000e+00,0.2662,NN,2.47282106e-02
6.14000000e+00,0.2662,PBE,1.85603772e-02
6.14000000e+00,0.5324,NN,4.86466810e-02
6.14000000e+00,0.5324,PBE,5.45756650e-02
6.14000000e+00,0.7985,NN,7.14297444e-02
6.14000000e+00,0.7985,PBE,7.15677992e-02
6.14000000e+00,1.0647,NN,9.26603451e-02
6.14000000e+00,1.0647,PBE,8.76658008e-02
6.14000000e+00,1.3308,NN,1.12129048e-01
6.14000000e+00,1.3308,PBE,1.16875468e-01
6.16000000e+00,0.2662,NN,2.44819876e-02
6.16000000e+00,0.2662,PBE,1.83749461e-02
6.16000000e+00,0.5324,NN,4.81614545e-02
6.16000000e+00,0.5324,PBE,5.40311540e-02
6.16000000e+00,0.7985,NN,7.07165450e-02
6.16000000e+00,0.7985,PBE,7.08545169e-02
6.16000000e+00,1.0647,NN,9.17362645e-02
6.16000000e+00,1.0647,PBE,8.67931600e-02
6.16000000e+00,1.3308,NN,1.11013129e-01
6.16000000e+00,1.3308,PBE,1.15715255e-01
6.18000000e+00,0.2662,NN,2.42381971e-02
6.18000000e+00,0.2662,PBE,1.81913825e-02
6.18000000e+00,0.5324,NN,4.76811305e-02
6.18000000e+00,0.5324,PBE,5.34921064e-02
6.18000000e+00,0.7985,NN,7.00104460e-02
6.18000000e+00,0.7985,PBE,7.01483708e-02
6.18000000e+00,1.0647,NN,9.08213854e-02
6.18000000e+00,1.0647,PBE,8.59292203e-02
6.18000000e+00,1.3308,NN,1.09908275e-01
6.18000000e+00,1.3308,PBE,1.14566525e-01
6.20000000e+00,0.2662,NN,2.39968803e-02
6.20000000e+00,0.2662,PBE,1.80096670e-02
6.20000000e+00,0.5324,NN,4.72055785e-02
6.20000000e+00,0.5324,PBE,5.29584664e-02
6.20000000e+00,0.7985,NN,6.93114996e-02
6.20000000e+00,0.7985,PBE,6.94492884e-02
6.20000000e+00,1.0647,NN,8.99155959e-02
6.20000000e+00,1.0647,PBE,8.50738942e-02
6.20000000e+00,1.3308,NN,1.08814433e-01
6.20000000e+00,1.3308,PBE,1.13429165e-01
6.22000000e+00,0.2662,NN,2.37579495e-02
6.22000000e+00,0.2662,PBE,1.78297806e-02
6.22000000e+00,0.5324,NN,4.67348173e-02
6.22000000e+00,0.5324,PBE,5.24301790e-02
6.22000000e+00,0.7985,NN,6.86195269e-02
6.22000000e+00,0.7985,PBE,6.87571983e-02
6.22000000e+00,1.0647,NN,8.90189111e-02
6.22000000e+00,1.0647,PBE,8.42270955e-02
6.22000000e+00,1.3308,NN,1.07731357e-01
6.22000000e+00,1.3308,PBE,1.12303064e-01
6.24000000e+00,0.2662,NN,2.35214625e-02
6.24000000e+00,0.2662,PBE,1.76517046e-02
6.24000000e+00,0.5324,NN,4.62687612e-02
6.24000000e+00,0.5324,PBE,5.19071895e-02
6.24000000e+00,0.7985,NN,6.79344833e-02
6.24000000e+00,0.7985,PBE,6.80720298e-02
6.24000000e+00,1.0647,NN,8.81311446e-02
6.24000000e+00,1.0647,PBE,8.33887386e-02
6.24000000e+00,1.3308,NN,1.06659122e-01
6.24000000e+00,1.3308,PBE,1.11188109e-01
6.26000000e+00,0.2662,NN,2.32872982e-02
6.26000000e+00,0.2662,PBE,1.74754203e-02
6.26000000e+00,0.5324,NN,4.58073840e-02
6.26000000e+00,0.5324,PBE,5.13894440e-02
6.26000000e+00,0.7985,NN,6.72563240e-02
6.26000000e+00,0.7985,PBE,6.73937128e-02
6.26000000e+00,1.0647,NN,8.72522518e-02
6.26000000e+00,1.0647,PBE,8.25587387e-02
6.26000000e+00,1.3308,NN,1.05597548e-01
6.26000000e+00,1.3308,PBE,1.10084193e-01
6.28000000e+00,0.2662,NN,2.30555050e-02
6.28000000e+00,0.2662,PBE,1.73009093e-02
6.28000000e+00,0.5324,NN,4.53506969e-02
6.28000000e+00,0.5324,PBE,5.08768890e-02
6.28000000e+00,0.7985,NN,6.65849224e-02
6.28000000e+00,0.7985,PBE,6.67221779e-02
6.28000000e+00,1.0647,NN,8.63821357e-02
6.28000000e+00,1.0647,PBE,8.17370121e-02
6.28000000e+00,1.3308,NN,1.04546577e-01
6.28000000e+00,1.3308,PBE,1.08991205e-01
6.30000000e+00,0.2662,NN,2.28260346e-02
6.30000000e+00,0.2662,PBE,1.71281533e-02
6.30000000e+00,0.5324,NN,4.48985435e-02
6.30000000e+00,0.5324,PBE,5.03694717e-02
6.30000000e+00,0.7985,NN,6.59203157e-02
6.30000000e+00,0.7985,PBE,6.60573568e-02
6.30000000e+00,1.0647,NN,8.55206996e-02
6.30000000e+00,1.0647,PBE,8.09234758e-02
6.30000000e+00,1.3308,NN,1.03505865e-01
6.30000000e+00,1.3308,PBE,1.07909038e-01
6.32000000e+00,0.2662,NN,2.25988738e-02
6.32000000e+00,0.2662,PBE,1.69571344e-02
6.32000000e+00,0.5324,NN,4.44509350e-02
6.32000000e+00,0.5324,PBE,4.98671398e-02
6.32000000e+00,0.7985,NN,6.52623102e-02
6.32000000e+00,0.7985,PBE,6.53991815e-02
6.32000000e+00,1.0647,NN,8.46678615e-02
6.32000000e+00,1.0647,PBE,8.01180477e-02
6.32000000e+00,1.3308,NN,1.02475651e-01
6.32000000e+00,1.3308,PBE,1.06837587e-01
6.34000000e+00,0.2662,NN,2.23739557e-02
6.34000000e+00,0.2662,PBE,1.67878348e-02
6.34000000e+00,0.5324,NN,4.40078378e-02
6.34000000e+00,0.5324,PBE,4.93698416e-02
6.34000000e+00,0.7985,NN,6.46109357e-02
6.34000000e+00,0.7985,PBE,6.47475848e-02
6.34000000e+00,1.0647,NN,8.38235840e-02
6.34000000e+00,1.0647,PBE,7.93206466e-02
6.34000000e+00,1.3308,NN,1.01455636e-01
6.34000000e+00,1.3308,PBE,1.05776745e-01
6.36000000e+00,0.2662,NN,2.21513174e-02
6.36000000e+00,0.2662,PBE,1.66202367e-02
6.36000000e+00,0.5324,NN,4.35691625e-02
6.36000000e+00,0.5324,PBE,4.88775259e-02
6.36000000e+00,0.7985,NN,6.39660954e-02
6.36000000e+00,0.7985,PBE,6.41025004e-02
6.36000000e+00,1.0647,NN,8.29877481e-02
6.36000000e+00,1.0647,PBE,7.85311920e-02
6.36000000e+00,1.3308,NN,1.00445777e-01
6.36000000e+00,1.3308,PBE,1.04726407e-01
6.38000000e+00,0.2662,NN,2.19308920e-02
6.38000000e+00,0.2662,PBE,1.64543227e-02
6.38000000e+00,0.5324,NN,4.31349017e-02
6.38000000e+00,0.5324,PBE,4.83901421e-02
6.38000000e+00,0.7985,NN,6.33276626e-02
6.38000000e+00,0.7985,PBE,6.34638625e-02
6.38000000e+00,1.0647,NN,8.21602196e-02
6.38000000e+00,1.0647,PBE,7.77496043e-02
6.38000000e+00,1.3308,NN,9.94459763e-02
6.38000000e+00,1.3308,PBE,1.03686471e-01
6.40000000e+00,0.2662,NN,2.17126757e-02
6.40000000e+00,0.2662,PBE,1.62900757e-02
6.40000000e+00,0.5324,NN,4.27049585e-02
6.40000000e+00,0.5324,PBE,4.79076401e-02
6.40000000e+00,0.7985,NN,6.26957342e-02
6.40000000e+00,0.7985,PBE,6.28316061e-02
6.40000000e+00,1.0647,NN,8.13410059e-02
6.40000000e+00,1.0647,PBE,7.69758048e-02
6.40000000e+00,1.3308,NN,9.84560549e-02
6.40000000e+00,1.3308,PBE,1.02656834e-01
6.42000000e+00,0.2662,NN,2.14966480e-02
6.42000000e+00,0.2662,PBE,1.61274786e-02
6.42000000e+00,0.5324,NN,4.22793925e-02
6.42000000e+00,0.5324,PBE,4.74299703e-02
6.42000000e+00,0.7985,NN,6.20700568e-02
6.42000000e+00,0.7985,PBE,6.22056667e-02
6.42000000e+00,1.0647,NN,8.05299580e-02
6.42000000e+00,1.0647,PBE,7.62097154e-02
6.42000000e+00,1.3308,NN,9.74760950e-02
6.42000000e+00,1.3308,PBE,1.01637394e-01
6.44000000e+00,0.2662,NN,2.12827791e-02
6.44000000e+00,0.2662,PBE,1.59665144e-02
6.44000000e+00,0.5324,NN,4.18580584e-02
6.44000000e+00,0.5324,PBE,4.69570836e-02
6.44000000e+00,0.7985,NN,6.14507161e-02
6.44000000e+00,0.7985,PBE,6.15859807e-02
6.44000000e+00,1.0647,NN,7.97270089e-02
6.44000000e+00,1.0647,PBE,7.54512590e-02
6.44000000e+00,1.3308,NN,9.65058059e-02
6.44000000e+00,1.3308,PBE,1.00628052e-01
6.46000000e+00,0.2662,NN,2.10710261e-02
6.46000000e+00,0.2662,PBE,1.58071664e-02
6.46000000e+00,0.5324,NN,4.14409712e-02
6.46000000e+00,0.5324,PBE,4.64889316e-02
6.46000000e+00,0.7985,NN,6.08374998e-02
6.46000000e+00,0.7985,PBE,6.09724850e-02
6.46000000e+00,1.0647,NN,7.89320916e-02
6.46000000e+00,1.0647,PBE,7.47003591e-02
6.46000000e+00,1.3308,NN,9.55451354e-02
6.46000000e+00,1.3308,PBE,9.96287066e-02
6.48000000e+00,0.2662,NN,2.08614115e-02
6.48000000e+00,0.2662,PBE,1.56494183e-02
6.48000000e+00,0.5324,NN,4.10280488e-02
6.48000000e+00,0.5324,PBE,4.60254663e-02
6.48000000e+00,0.7985,NN,6.02304935e-02
6.48000000e+00,0.7985,PBE,6.03651172e-02
6.48000000e+00,1.0647,NN,7.81450868e-02
6.48000000e+00,1.0647,PBE,7.39569401e-02
6.48000000e+00,1.3308,NN,9.45941135e-02
6.48000000e+00,1.3308,PBE,9.86392607e-02
6.50000000e+00,0.2662,NN,2.06538755e-02
6.50000000e+00,0.2662,PBE,1.54932535e-02
6.50000000e+00,0.5324,NN,4.06193025e-02
6.50000000e+00,0.5324,PBE,4.55666400e-02
6.50000000e+00,0.7985,NN,5.96295558e-02
6.50000000e+00,0.7985,PBE,5.97638156e-02
6.50000000e+00,1.0647,NN,7.73659721e-02
6.50000000e+00,1.0647,PBE,7.32209273e-02
6.50000000e+00,1.3308,NN,9.36525092e-02
6.50000000e+00,1.3308,PBE,9.76596162e-02
6.52000000e+00,0.2662,NN,2.04484295e-02
6.52000000e+00,0.2662,PBE,1.53386560e-02
6.52000000e+00,0.5324,NN,4.02146131e-02
6.52000000e+00,0.5324,PBE,4.51124059e-02
6.52000000e+00,0.7985,NN,5.90346716e-02
6.52000000e+00,0.7985,PBE,5.91685191e-02
6.52000000e+00,1.0647,NN,7.65946209e-02
6.52000000e+00,1.0647,PBE,7.24922463e-02
6.52000000e+00,1.3308,NN,9.27202255e-02
6.52000000e+00,1.3308,PBE,9.66896767e-02
6.54000000e+00,0.2662,NN,2.02450044e-02
6.54000000e+00,0.2662,PBE,1.51856097e-02
6.54000000e+00,0.5324,NN,3.98139879e-02
6.54000000e+00,0.5324,PBE,4.46627173e-02
6.54000000e+00,0.7985,NN,5.84457070e-02
6.54000000e+00,0.7985,PBE,5.85791671e-02
6.54000000e+00,1.0647,NN,7.58310482e-02
6.54000000e+00,1.0647,PBE,7.17708241e-02
6.54000000e+00,1.3308,NN,9.17973220e-02
6.54000000e+00,1.3308,PBE,9.57293465e-02
6.56000000e+00,0.2662,NN,2.00436469e-02
6.56000000e+00,0.2662,PBE,1.50340989e-02
6.56000000e+00,0.5324,NN,3.94173712e-02
6.56000000e+00,0.5324,PBE,4.42175283e-02
6.56000000e+00,0.7985,NN,5.78626618e-02
6.56000000e+00,0.7985,PBE,5.79956999e-02
6.56000000e+00,1.0647,NN,7.50749931e-02
6.56000000e+00,1.0647,PBE,7.10565878e-02
6.56000000e+00,1.3308,NN,9.08835530e-02
6.56000000e+00,1.3308,PBE,9.47785309e-02
6.58000000e+00,0.2662,NN,1.98442806e-02
6.58000000e+00,0.2662,PBE,1.48841078e-02
6.58000000e+00,0.5324,NN,3.90247069e-02
6.58000000e+00,0.5324,PBE,4.37767934e-02
6.58000000e+00,0.7985,NN,5.72854541e-02
6.58000000e+00,0.7985,PBE,5.74180581e-02
6.58000000e+00,1.0647,NN,7.43266046e-02
6.58000000e+00,1.0647,PBE,7.03494657e-02
6.58000000e+00,1.3308,NN,8.99788514e-02
6.58000000e+00,1.3308,PBE,9.38371361e-02
6.60000000e+00,0.2662,NN,1.96469091e-02
6.60000000e+00,0.2662,PBE,1.47356211e-02
6.60000000e+00,0.5324,NN,3.86360660e-02
6.60000000e+00,0.5324,PBE,4.33404674e-02
6.60000000e+00,0.7985,NN,5.67140616e-02
6.60000000e+00,0.7985,PBE,5.68461833e-02
6.60000000e+00,1.0647,NN,7.35856816e-02
6.60000000e+00,1.0647,PBE,6.96493866e-02
6.60000000e+00,1.3308,NN,8.90832543e-02
6.60000000e+00,1.3308,PBE,9.29050693e-02
6.62000000e+00,0.2662,NN,1.94514878e-02
6.62000000e+00,0.2662,PBE,1.45886233e-02
6.62000000e+00,0.5324,NN,3.82512733e-02
6.62000000e+00,0.5324,PBE,4.29085057e-02
6.62000000e+00,0.7985,NN,5.61483540e-02
6.62000000e+00,0.7985,PBE,5.62800173e-02
6.62000000e+00,1.0647,NN,7.28521347e-02
6.62000000e+00,1.0647,PBE,6.89562802e-02
6.62000000e+00,1.3308,NN,8.81965533e-02
6.62000000e+00,1.3308,PBE,9.19822384e-02
6.64000000e+00,0.2662,NN,1.92580167e-02
6.64000000e+00,0.2662,PBE,1.44430993e-02
6.64000000e+00,0.5324,NN,3.78703214e-02
6.64000000e+00,0.5324,PBE,4.24808643e-02
6.64000000e+00,0.7985,NN,5.55883534e-02
6.64000000e+00,0.7985,PBE,5.57195028e-02
6.64000000e+00,1.0647,NN,7.21259490e-02
6.64000000e+00,1.0647,PBE,6.82700767e-02
6.64000000e+00,1.3308,NN,8.73186514e-02
6.64000000e+00,1.3308,PBE,9.10685524e-02
6.66000000e+00,0.2662,NN,1.90664716e-02
6.66000000e+00,0.2662,PBE,1.42990342e-02
6.66000000e+00,0.5324,NN,3.74932177e-02
6.66000000e+00,0.5324,PBE,4.20574994e-02
6.66000000e+00,0.7985,NN,5.50339557e-02
6.66000000e+00,0.7985,PBE,5.51645828e-02
6.66000000e+00,1.0647,NN,7.14069977e-02
6.66000000e+00,1.0647,PBE,6.75907071e-02
6.66000000e+00,1.3308,NN,8.64494890e-02
6.66000000e+00,1.3308,PBE,9.01639212e-02
6.68000000e+00,0.2662,NN,1.88768357e-02
6.68000000e+00,0.2662,PBE,1.41564130e-02
6.68000000e+00,0.5324,NN,3.71198580e-02
6.68000000e+00,0.5324,PBE,4.16383679e-02
6.68000000e+00,0.7985,NN,5.44851311e-02
6.68000000e+00,0.7985,PBE,5.46152013e-02
6.68000000e+00,1.0647,NN,7.06952512e-02
6.68000000e+00,1.0647,PBE,6.69181032e-02
6.68000000e+00,1.3308,NN,8.55890140e-02
6.68000000e+00,1.3308,PBE,8.92682555e-02
6.70000000e+00,0.2662,NN,1.86890960e-02
6.70000000e+00,0.2662,PBE,1.40152212e-02
6.70000000e+00,0.5324,NN,3.67502570e-02
6.70000000e+00,0.5324,PBE,4.12234270e-02
6.70000000e+00,0.7985,NN,5.39417490e-02
6.70000000e+00,0.7985,PBE,5.40713025e-02
6.70000000e+00,1.0647,NN,6.99906051e-02
6.70000000e+00,1.0647,PBE,6.62521973e-02
6.70000000e+00,1.3308,NN,8.47370476e-02
6.70000000e+00,1.3308,PBE,8.83814668e-02
6.72000000e+00,0.2662,NN,1.85032208e-02
6.72000000e+00,0.2662,PBE,1.38754441e-02
6.72000000e+00,0.5324,NN,3.63843776e-02
6.72000000e+00,0.5324,PBE,4.08126343e-02
6.72000000e+00,0.7985,NN,5.34038618e-02
6.72000000e+00,0.7985,PBE,5.35328313e-02
6.72000000e+00,1.0647,NN,6.92930371e-02
6.72000000e+00,1.0647,PBE,6.55929226e-02
6.72000000e+00,1.3308,NN,8.38936269e-02
6.72000000e+00,1.3308,PBE,8.75034676e-02
6.74000000e+00,0.2662,NN,1.83191914e-02
6.74000000e+00,0.2662,PBE,1.37370674e-02
6.74000000e+00,0.5324,NN,3.60221304e-02
6.74000000e+00,0.5324,PBE,4.04059480e-02
6.74000000e+00,0.7985,NN,5.28713837e-02
6.74000000e+00,0.7985,PBE,5.29997331e-02
6.74000000e+00,1.0647,NN,6.86024576e-02
6.74000000e+00,1.0647,PBE,6.49402127e-02
6.74000000e+00,1.3308,NN,8.30586925e-02
6.74000000e+00,1.3308,PBE,8.66341712e-02
6.76000000e+00,0.2662,NN,1.81369986e-02
6.76000000e+00,0.2662,PBE,1.36000769e-02
6.76000000e+00,0.5324,NN,3.56635265e-02
6.76000000e+00,0.5324,PBE,4.00033267e-02
6.76000000e+00,0.7985,NN,5.23441955e-02
6.76000000e+00,0.7985,PBE,5.24719542e-02
6.76000000e+00,1.0647,NN,6.79186881e-02
6.76000000e+00,1.0647,PBE,6.42940022e-02
6.76000000e+00,1.3308,NN,8.22319686e-02
6.76000000e+00,1.3308,PBE,8.57734917e-02
6.78000000e+00,0.2662,NN,1.79566126e-02
6.78000000e+00,0.2662,PBE,1.34644586e-02
6.78000000e+00,0.5324,NN,3.53084765e-02
6.78000000e+00,0.5324,PBE,3.96047293e-02
6.78000000e+00,0.7985,NN,5.18223234e-02
6.78000000e+00,0.7985,PBE,5.19494409e-02
6.78000000e+00,1.0647,NN,6.72419220e-02
6.78000000e+00,1.0647,PBE,6.36542261e-02
6.78000000e+00,1.3308,NN,8.14135149e-02
6.78000000e+00,1.3308,PBE,8.49213442e-02
6.80000000e+00,0.2662,NN,1.77779961e-02
6.80000000e+00,0.2662,PBE,1.33301984e-02
6.80000000e+00,0.5324,NN,3.49570513e-02
6.80000000e+00,0.5324,PBE,3.92101152e-02
6.80000000e+00,0.7985,NN,5.13056852e-02
6.80000000e+00,0.7985,PBE,5.14321405e-02
6.80000000e+00,1.0647,NN,6.65717646e-02
6.80000000e+00,1.0647,PBE,6.30208202e-02
6.80000000e+00,1.3308,NN,8.06032494e-02
6.80000000e+00,1.3308,PBE,8.40776444e-02
6.82000000e+00,0.2662,NN,1.76011920e-02
6.82000000e+00,0.2662,PBE,1.31972826e-02
6.82000000e+00,0.5324,NN,3.46090943e-02
6.82000000e+00,0.5324,PBE,3.88194443e-02
6.82000000e+00,0.7985,NN,5.07941991e-02
6.82000000e+00,0.7985,PBE,5.09200006e-02
6.82000000e+00,1.0647,NN,6.59084171e-02
6.82000000e+00,1.0647,PBE,6.23937208e-02
6.82000000e+00,1.3308,NN,7.98009411e-02
6.82000000e+00,1.3308,PBE,8.32423090e-02
6.84000000e+00,0.2662,NN,1.74261108e-02
6.84000000e+00,0.2662,PBE,1.30656976e-02
6.84000000e+00,0.5324,NN,3.42646427e-02
6.84000000e+00,0.5324,PBE,3.84326769e-02
6.84000000e+00,0.7985,NN,5.02878688e-02
6.84000000e+00,0.7985,PBE,5.04129694e-02
6.84000000e+00,1.0647,NN,6.52516484e-02
6.84000000e+00,1.0647,PBE,6.17728651e-02
6.84000000e+00,1.3308,NN,7.90067837e-02
6.84000000e+00,1.3308,PBE,8.24152555e-02
6.86000000e+00,0.2662,NN,1.72527954e-02
6.86000000e+00,0.2662,PBE,1.29354300e-02
6.86000000e+00,0.5324,NN,3.39236483e-02
6.86000000e+00,0.5324,PBE,3.80497735e-02
6.86000000e+00,0.7985,NN,4.97865938e-02
6.86000000e+00,0.7985,PBE,4.99109957e-02
6.86000000e+00,1.0647,NN,6.46014810e-02
6.86000000e+00,1.0647,PBE,6.11581906e-02
6.86000000e+00,1.3308,NN,7.82205388e-02
6.86000000e+00,1.3308,PBE,8.15964021e-02
6.88000000e+00,0.2662,NN,1.70811880e-02
6.88000000e+00,0.2662,PBE,1.28064663e-02
6.88000000e+00,0.5324,NN,3.35860364e-02
6.88000000e+00,0.5324,PBE,3.76706952e-02
6.88000000e+00,0.7985,NN,4.92903851e-02
6.88000000e+00,0.7985,PBE,4.94140288e-02
6.88000000e+00,1.0647,NN,6.39577881e-02
6.88000000e+00,1.0647,PBE,6.05496357e-02
6.88000000e+00,1.3308,NN,7.74420500e-02
6.88000000e+00,1.3308,PBE,8.07856679e-02
6.90000000e+00,0.2662,NN,1.69112738e-02
6.90000000e+00,0.2662,PBE,1.26787933e-02
6.90000000e+00,0.5324,NN,3.32517885e-02
6.90000000e+00,0.5324,PBE,3.72954036e-02
6.90000000e+00,0.7985,NN,4.87990901e-02
6.90000000e+00,0.7985,PBE,4.89220184e-02
6.90000000e+00,1.0647,NN,6.33205175e-02
6.90000000e+00,1.0647,PBE,5.99471394e-02
6.90000000e+00,1.3308,NN,7.66713545e-02
6.90000000e+00,1.3308,PBE,7.99829728e-02
6.92000000e+00,0.2662,NN,1.67430378e-02
6.92000000e+00,0.2662,PBE,1.25523981e-02
6.92000000e+00,0.5324,NN,3.29209380e-02
6.92000000e+00,0.5324,PBE,3.69238605e-02
6.92000000e+00,0.7985,NN,4.83127348e-02
6.92000000e+00,0.7985,PBE,4.84349148e-02
6.92000000e+00,1.0647,NN,6.26896694e-02
6.92000000e+00,1.0647,PBE,5.93506411e-02
6.92000000e+00,1.3308,NN,7.59083778e-02
6.92000000e+00,1.3308,PBE,7.91882373e-02
6.94000000e+00,0.2662,NN,1.65764857e-02
6.94000000e+00,0.2662,PBE,1.24272675e-02
6.94000000e+00,0.5324,NN,3.25933583e-02
6.94000000e+00,0.5324,PBE,3.65560282e-02
6.94000000e+00,0.7985,NN,4.78312783e-02
6.94000000e+00,0.7985,PBE,4.79526688e-02
6.94000000e+00,1.0647,NN,6.20651580e-02
6.94000000e+00,1.0647,PBE,5.87600810e-02
6.94000000e+00,1.3308,NN,7.51529187e-02
6.94000000e+00,1.3308,PBE,7.84013830e-02
6.96000000e+00,0.2662,NN,1.64115671e-02
6.96000000e+00,0.2662,PBE,1.23033890e-02
6.96000000e+00,0.5324,NN,3.22690904e-02
6.96000000e+00,0.5324,PBE,3.61918692e-02
6.96000000e+00,0.7985,NN,4.73546125e-02
6.96000000e+00,0.7985,PBE,4.74752318e-02
6.96000000e+00,1.0647,NN,6.14468195e-02
6.96000000e+00,1.0647,PBE,5.81753998e-02
6.96000000e+00,1.3308,NN,7.44051039e-02
6.96000000e+00,1.3308,PBE,7.76223320e-02
6.98000000e+00,0.2662,NN,1.62482969e-02
6.98000000e+00,0.2662,PBE,1.21807497e-02
6.98000000e+00,0.5324,NN,3.19480300e-02
6.98000000e+00,0.5324,PBE,3.58313467e-02
6.98000000e+00,0.7985,NN,4.68827374e-02
6.98000000e+00,0.7985,PBE,4.70025555e-02
6.98000000e+00,1.0647,NN,6.08346872e-02
6.98000000e+00,1.0647,PBE,5.75965390e-02
6.98000000e+00,1.3308,NN,7.36646876e-02
6.98000000e+00,1.3308,PBE,7.68510072e-02
7.00000000e+00,0.2662,NN,1.60866361e-02
7.00000000e+00,0.2662,PBE,1.20593372e-02
7.00000000e+00,0.5324,NN,3.16301957e-02
7.00000000e+00,0.5324,PBE,3.54744241e-02
7.00000000e+00,0.7985,NN,4.64156009e-02
7.00000000e+00,0.7985,PBE,4.65345922e-02
7.00000000e+00,1.0647,NN,6.02287240e-02
7.00000000e+00,1.0647,PBE,5.70234404e-02
7.00000000e+00,1.3308,NN,7.29316920e-02
7.00000000e+00,1.3308,PBE,7.60873324e-02
7.02000000e+00,0.2662,NN,1.59265753e-02
7.02000000e+00,0.2662,PBE,1.19391391e-02
7.02000000e+00,0.5324,NN,3.13155428e-02
7.02000000e+00,0.5324,PBE,3.51210651e-02
7.02000000e+00,0.7985,NN,4.59531471e-02
7.02000000e+00,0.7985,PBE,4.60712947e-02
7.02000000e+00,1.0647,NN,5.96287586e-02
7.02000000e+00,1.0647,PBE,5.64560465e-02
7.02000000e+00,1.3308,NN,7.22059906e-02
7.02000000e+00,1.3308,PBE,7.53312319e-02
7.04000000e+00,0.2662,NN,1.57680921e-02
7.04000000e+00,0.2662,PBE,1.18201431e-02
7.04000000e+00,0.5324,NN,3.10040154e-02
7.04000000e+00,0.5324,PBE,3.47712339e-02
7.04000000e+00,0.7985,NN,4.54953089e-02
7.04000000e+00,0.7985,PBE,4.56126163e-02
7.04000000e+00,1.0647,NN,5.90348244e-02
7.04000000e+00,1.0647,PBE,5.58943006e-02
7.04000000e+00,1.3308,NN,7.14875087e-02
7.04000000e+00,1.3308,PBE,7.45826311e-02
7.06000000e+00,0.2662,NN,1.56111633e-02
7.06000000e+00,0.2662,PBE,1.17023370e-02
7.06000000e+00,0.5324,NN,3.06956153e-02
7.06000000e+00,0.5324,PBE,3.44248950e-02
7.06000000e+00,0.7985,NN,4.50420417e-02
7.06000000e+00,0.7985,PBE,4.51585107e-02
7.06000000e+00,1.0647,NN,5.84468655e-02
7.06000000e+00,1.0647,PBE,5.53381462e-02
7.06000000e+00,1.3308,NN,7.07762539e-02
7.06000000e+00,1.3308,PBE,7.38414558e-02
7.08000000e+00,0.2662,NN,1.54558253e-02
7.08000000e+00,0.2662,PBE,1.15857089e-02
7.08000000e+00,0.5324,NN,3.03903073e-02
7.08000000e+00,0.5324,PBE,3.40820134e-02
7.08000000e+00,0.7985,NN,4.45933342e-02
7.08000000e+00,0.7985,PBE,4.47089321e-02
7.08000000e+00,1.0647,NN,5.78647554e-02
7.08000000e+00,1.0647,PBE,5.47875275e-02
7.08000000e+00,1.3308,NN,7.00720474e-02
7.08000000e+00,1.3308,PBE,7.31076327e-02
7.10000000e+00,0.2662,NN,1.53019987e-02
7.10000000e+00,0.2662,PBE,1.14702468e-02
7.10000000e+00,0.5324,NN,3.00880242e-02
7.10000000e+00,0.5324,PBE,3.37425543e-02
7.10000000e+00,0.7985,NN,4.41491604e-02
7.10000000e+00,0.7985,PBE,4.42638351e-02
7.10000000e+00,1.0647,NN,5.72884455e-02
7.10000000e+00,1.0647,PBE,5.42423895e-02
7.10000000e+00,1.3308,NN,6.93749040e-02
7.10000000e+00,1.3308,PBE,7.23810891e-02
7.12000000e+00,0.2662,NN,1.51496930e-02
7.12000000e+00,0.2662,PBE,1.13559390e-02
7.12000000e+00,0.5324,NN,2.97887921e-02
7.12000000e+00,0.5324,PBE,3.34064833e-02
7.12000000e+00,0.7985,NN,4.37093750e-02
7.12000000e+00,0.7985,PBE,4.38231749e-02
7.12000000e+00,1.0647,NN,5.67179210e-02
7.12000000e+00,1.0647,PBE,5.37026774e-02
7.12000000e+00,1.3308,NN,6.86846599e-02
7.12000000e+00,1.3308,PBE,7.16617531e-02
7.14000000e+00,0.2662,NN,1.49988756e-02
7.14000000e+00,0.2662,PBE,1.12427738e-02
7.14000000e+00,0.5324,NN,2.94925291e-02
7.14000000e+00,0.5324,PBE,3.30737664e-02
7.14000000e+00,0.7985,NN,4.32740003e-02
7.14000000e+00,0.7985,PBE,4.33869072e-02
7.14000000e+00,1.0647,NN,5.61531372e-02
7.14000000e+00,1.0647,PBE,5.31683371e-02
7.14000000e+00,1.3308,NN,6.80013075e-02
7.14000000e+00,1.3308,PBE,7.09495535e-02
7.16000000e+00,0.2662,NN,1.48495408e-02
7.16000000e+00,0.2662,PBE,1.11307398e-02
7.16000000e+00,0.5324,NN,2.91992500e-02
7.16000000e+00,0.5324,PBE,3.27443699e-02
7.16000000e+00,0.7985,NN,4.28430215e-02
7.16000000e+00,0.7985,PBE,4.29549878e-02
7.16000000e+00,1.0647,NN,5.55939488e-02
7.16000000e+00,1.0647,PBE,5.26393151e-02
7.16000000e+00,1.3308,NN,6.73248470e-02
7.16000000e+00,1.3308,PBE,7.02444198e-02
7.18000000e+00,0.2662,NN,1.47016896e-02
7.18000000e+00,0.2662,PBE,1.10198254e-02
7.18000000e+00,0.5324,NN,2.89088637e-02
7.18000000e+00,0.5324,PBE,3.24182604e-02
7.18000000e+00,0.7985,NN,4.24163342e-02
7.18000000e+00,0.7985,PBE,4.25273733e-02
7.18000000e+00,1.0647,NN,5.50403595e-02
7.18000000e+00,1.0647,PBE,5.21155584e-02
7.18000000e+00,1.3308,NN,6.66550770e-02
7.18000000e+00,1.3308,PBE,6.95462822e-02
7.20000000e+00,0.2662,NN,1.45553127e-02
7.20000000e+00,0.2662,PBE,1.09100195e-02
7.20000000e+00,0.5324,NN,2.86213830e-02
7.20000000e+00,0.5324,PBE,3.20954050e-02
7.20000000e+00,0.7985,NN,4.19938937e-02
7.20000000e+00,0.7985,PBE,4.21040207e-02
7.20000000e+00,1.0647,NN,5.44923246e-02
7.20000000e+00,1.0647,PBE,5.15970145e-02
7.20000000e+00,1.3308,NN,6.59919903e-02
7.20000000e+00,1.3308,PBE,6.88550715e-02
7.22000000e+00,0.2662,NN,1.44103710e-02
7.22000000e+00,0.2662,PBE,1.08013108e-02
7.22000000e+00,0.5324,NN,2.83367671e-02
7.22000000e+00,0.5324,PBE,3.17757710e-02
7.22000000e+00,0.7985,NN,4.15756889e-02
7.22000000e+00,0.7985,PBE,4.16848873e-02
7.22000000e+00,1.0647,NN,5.39497696e-02
7.22000000e+00,1.0647,PBE,5.10836315e-02
7.22000000e+00,1.3308,NN,6.53354973e-02
7.22000000e+00,1.3308,PBE,6.81707192e-02
7.24000000e+00,0.2662,NN,1.42668448e-02
7.24000000e+00,0.2662,PBE,1.06936882e-02
7.24000000e+00,0.5324,NN,2.80550215e-02
7.24000000e+00,0.5324,PBE,3.14593260e-02
7.24000000e+00,0.7985,NN,4.11617197e-02
7.24000000e+00,0.7985,PBE,4.12699308e-02
7.24000000e+00,1.0647,NN,5.34126721e-02
7.24000000e+00,1.0647,PBE,5.05753578e-02
7.24000000e+00,1.3308,NN,6.46856502e-02
7.24000000e+00,1.3308,PBE,6.74931576e-02
7.26000000e+00,0.2662,NN,1.41247362e-02
7.26000000e+00,0.2662,PBE,1.05871410e-02
7.26000000e+00,0.5324,NN,2.77760755e-02
7.26000000e+00,0.5324,PBE,3.11460381e-02
7.26000000e+00,0.7985,NN,4.07518446e-02
7.26000000e+00,0.7985,PBE,4.08591095e-02
7.26000000e+00,1.0647,NN,5.28808981e-02
7.26000000e+00,1.0647,PBE,5.00721426e-02
7.26000000e+00,1.3308,NN,6.40421957e-02
7.26000000e+00,1.3308,PBE,6.68223195e-02
7.28000000e+00,0.2662,NN,1.39840366e-02
7.28000000e+00,0.2662,PBE,1.04816581e-02
7.28000000e+00,0.5324,NN,2.74998825e-02
7.28000000e+00,0.5324,PBE,3.08358755e-02
7.28000000e+00,0.7985,NN,4.03461158e-02
7.28000000e+00,0.7985,PBE,4.04523821e-02
7.28000000e+00,1.0647,NN,5.23544624e-02
7.28000000e+00,1.0647,PBE,4.95739354e-02
7.28000000e+00,1.3308,NN,6.34052306e-02
7.28000000e+00,1.3308,PBE,6.61581384e-02
7.30000000e+00,0.2662,NN,1.38447052e-02
7.30000000e+00,0.2662,PBE,1.03772290e-02
7.30000000e+00,0.5324,NN,2.72264555e-02
7.30000000e+00,0.5324,PBE,3.05288070e-02
7.30000000e+00,0.7985,NN,3.99443693e-02
7.30000000e+00,0.7985,PBE,4.00497076e-02
7.30000000e+00,1.0647,NN,5.18332608e-02
7.30000000e+00,1.0647,PBE,4.90806864e-02
7.30000000e+00,1.3308,NN,6.27745166e-02
7.30000000e+00,1.3308,PBE,6.55005486e-02
7.32000000e+00,0.2662,NN,1.37067493e-02
7.32000000e+00,0.2662,PBE,1.02738429e-02
7.32000000e+00,0.5324,NN,2.69557871e-02
7.32000000e+00,0.5324,PBE,3.02248016e-02
7.32000000e+00,0.7985,NN,3.95467207e-02
7.32000000e+00,0.7985,PBE,3.96510455e-02
7.32000000e+00,1.0647,NN,5.13173342e-02
7.32000000e+00,1.0647,PBE,4.85923462e-02
7.32000000e+00,1.3308,NN,6.21501505e-02
7.32000000e+00,1.3308,PBE,6.48494848e-02
7.34000000e+00,0.2662,NN,1.35701541e-02
7.34000000e+00,0.2662,PBE,1.01714894e-02
7.34000000e+00,0.5324,NN,2.66877934e-02
7.34000000e+00,0.5324,PBE,2.99238284e-02
7.34000000e+00,0.7985,NN,3.91530097e-02
7.34000000e+00,0.7985,PBE,3.92563556e-02
7.34000000e+00,1.0647,NN,5.08064702e-02
7.34000000e+00,1.0647,PBE,4.81088658e-02
7.34000000e+00,1.3308,NN,6.15319982e-02
7.34000000e+00,1.3308,PBE,6.42048826e-02
7.36000000e+00,0.2662,NN,1.34348823e-02
7.36000000e+00,0.2662,PBE,1.00701582e-02
7.36000000e+00,0.5324,NN,2.64224596e-02
7.36000000e+00,0.5324,PBE,2.96258571e-02
7.36000000e+00,0.7985,NN,3.87632549e-02
7.36000000e+00,0.7985,PBE,3.88655982e-02
7.36000000e+00,1.0647,NN,5.03007546e-02
7.36000000e+00,1.0647,PBE,4.76301969e-02
7.36000000e+00,1.3308,NN,6.09200634e-02
7.36000000e+00,1.3308,PBE,6.35666780e-02
7.38000000e+00,0.2662,NN,1.33009655e-02
7.38000000e+00,0.2662,PBE,9.96983882e-03
7.38000000e+00,0.5324,NN,2.61598080e-02
7.38000000e+00,0.5324,PBE,2.93308576e-02
7.38000000e+00,0.7985,NN,3.83773893e-02
7.38000000e+00,0.7985,PBE,3.84787342e-02
7.38000000e+00,1.0647,NN,4.98001501e-02
7.38000000e+00,1.0647,PBE,4.71562914e-02
7.38000000e+00,1.3308,NN,6.03142157e-02
7.38000000e+00,1.3308,PBE,6.29348078e-02
7.40000000e+00,0.2662,NN,1.31683461e-02
7.40000000e+00,0.2662,PBE,9.87052122e-03
7.40000000e+00,0.5324,NN,2.58997306e-02
7.40000000e+00,0.5324,PBE,2.90388001e-02
7.40000000e+00,0.7985,NN,3.79953757e-02
7.40000000e+00,0.7985,PBE,3.80957244e-02
7.40000000e+00,1.0647,NN,4.93045002e-02
7.40000000e+00,1.0647,PBE,4.66871020e-02
7.40000000e+00,1.3308,NN,5.97143583e-02
7.40000000e+00,1.3308,PBE,6.23092092e-02
7.42000000e+00,0.2662,NN,1.30370362e-02
7.42000000e+00,0.2662,PBE,9.77219528e-03
7.42000000e+00,0.5324,NN,2.56422572e-02
7.42000000e+00,0.5324,PBE,2.87496552e-02
7.42000000e+00,0.7985,NN,3.76171954e-02
7.42000000e+00,0.7985,PBE,3.77165305e-02
7.42000000e+00,1.0647,NN,4.88138199e-02
7.42000000e+00,1.0647,PBE,4.62225816e-02
7.42000000e+00,1.3308,NN,5.91205470e-02
7.42000000e+00,1.3308,PBE,6.16898203e-02
7.44000000e+00,0.2662,NN,1.29070161e-02
7.44000000e+00,0.2662,PBE,9.67485106e-03
7.44000000e+00,0.5324,NN,2.53873486e-02
7.44000000e+00,0.5324,PBE,2.84633937e-02
7.44000000e+00,0.7985,NN,3.72427776e-02
7.44000000e+00,0.7985,PBE,3.73411142e-02
7.44000000e+00,1.0647,NN,4.83279750e-02
7.44000000e+00,1.0647,PBE,4.57626837e-02
7.44000000e+00,1.3308,NN,5.85325994e-02
7.44000000e+00,1.3308,PBE,6.10765797e-02
7.46000000e+00,0.2662,NN,1.27782645e-02
7.46000000e+00,0.2662,PBE,9.57847866e-03
7.46000000e+00,0.5324,NN,2.51349751e-02
7.46000000e+00,0.5324,PBE,2.81799866e-02
7.46000000e+00,0.7985,NN,3.68721001e-02
7.46000000e+00,0.7985,PBE,3.69694379e-02
7.46000000e+00,1.0647,NN,4.78470474e-02
7.46000000e+00,1.0647,PBE,4.53073624e-02
7.46000000e+00,1.3308,NN,5.79505377e-02
7.46000000e+00,1.3308,PBE,6.04694265e-02
7.48000000e+00,0.2662,NN,1.26507776e-02
7.48000000e+00,0.2662,PBE,9.48306833e-03
7.48000000e+00,0.5324,NN,2.48851366e-02
7.48000000e+00,0.5324,PBE,2.78994054e-02
7.48000000e+00,0.7985,NN,3.65051404e-02
7.48000000e+00,0.7985,PBE,3.66014642e-02
7.48000000e+00,1.0647,NN,4.73709404e-02
7.48000000e+00,1.0647,PBE,4.48565720e-02
7.48000000e+00,1.3308,NN,5.73743284e-02
7.48000000e+00,1.3308,PBE,5.98683005e-02
7.50000000e+00,0.2662,NN,1.25245387e-02
7.50000000e+00,0.2662,PBE,9.38861040e-03
7.50000000e+00,0.5324,NN,2.46377662e-02
7.50000000e+00,0.5324,PBE,2.76216218e-02
7.50000000e+00,0.7985,NN,3.61418277e-02
7.50000000e+00,0.7985,PBE,3.62371561e-02
7.50000000e+00,1.0647,NN,4.68995832e-02
7.50000000e+00,1.0647,PBE,4.44102673e-02
7.50000000e+00,1.3308,NN,5.68037927e-02
7.50000000e+00,1.3308,PBE,5.92731420e-02
7.52000000e+00,0.2662,NN,1.23995356e-02
7.52000000e+00,0.2662,PBE,9.29509530e-03
7.52000000e+00,0.5324,NN,2.43928544e-02
7.52000000e+00,0.5324,PBE,2.73466077e-02
7.52000000e+00,0.7985,NN,3.57821696e-02
7.52000000e+00,0.7985,PBE,3.58764769e-02
7.52000000e+00,1.0647,NN,4.64329012e-02
7.52000000e+00,1.0647,PBE,4.39684038e-02
7.52000000e+00,1.3308,NN,5.62389717e-02
7.52000000e+00,1.3308,PBE,5.86838920e-02
7.54000000e+00,0.2662,NN,1.22757694e-02
7.54000000e+00,0.2662,PBE,9.20251358e-03
7.54000000e+00,0.5324,NN,2.41503790e-02
7.54000000e+00,0.5324,PBE,2.70743355e-02
7.54000000e+00,0.7985,NN,3.54260802e-02
7.54000000e+00,0.7985,PBE,3.55193905e-02
7.54000000e+00,1.0647,NN,4.59708758e-02
7.54000000e+00,1.0647,PBE,4.35309372e-02
7.54000000e+00,1.3308,NN,5.56798130e-02
7.54000000e+00,1.3308,PBE,5.81004920e-02
7.56000000e+00,0.2662,NN,1.21532036e-02
7.56000000e+00,0.2662,PBE,9.11085584e-03
7.56000000e+00,0.5324,NN,2.39103250e-02
7.56000000e+00,0.5324,PBE,2.68047776e-02
7.56000000e+00,0.7985,NN,3.50735411e-02
7.56000000e+00,0.7985,PBE,3.51658609e-02
7.56000000e+00,1.0647,NN,4.55134697e-02
7.56000000e+00,1.0647,PBE,4.30978236e-02
7.56000000e+00,1.3308,NN,5.51261678e-02
7.56000000e+00,1.3308,PBE,5.75228842e-02
7.58000000e+00,0.2662,NN,1.20318281e-02
7.58000000e+00,0.2662,PBE,9.02011282e-03
7.58000000e+00,0.5324,NN,2.36726440e-02
7.58000000e+00,0.5324,PBE,2.65379070e-02
7.58000000e+00,0.7985,NN,3.47245596e-02
7.58000000e+00,0.7985,PBE,3.48158526e-02
7.58000000e+00,1.0647,NN,4.50606309e-02
7.58000000e+00,1.0647,PBE,4.26690198e-02
7.58000000e+00,1.3308,NN,5.45780994e-02
7.58000000e+00,1.3308,PBE,5.69510112e-02
7.60000000e+00,0.2662,NN,1.19116511e-02
7.60000000e+00,0.2662,PBE,8.93027533e-03
7.60000000e+00,0.5324,NN,2.34373435e-02
7.60000000e+00,0.5324,PBE,2.62736967e-02
7.60000000e+00,0.7985,NN,3.43790427e-02
7.60000000e+00,0.7985,PBE,3.44693305e-02
7.60000000e+00,1.0647,NN,4.46123295e-02
7.60000000e+00,1.0647,PBE,4.22444828e-02
7.60000000e+00,1.3308,NN,5.40354550e-02
7.60000000e+00,1.3308,PBE,5.63848163e-02
7.62000000e+00,0.2662,NN,1.17926421e-02
7.62000000e+00,0.2662,PBE,8.84133430e-03
7.62000000e+00,0.5324,NN,2.32043583e-02
7.62000000e+00,0.5324,PBE,2.60121201e-02
7.62000000e+00,0.7985,NN,3.40369642e-02
7.62000000e+00,0.7985,PBE,3.41262598e-02
7.62000000e+00,1.0647,NN,4.41684835e-02
7.62000000e+00,1.0647,PBE,4.18241701e-02
7.62000000e+00,1.3308,NN,5.34982234e-02
7.62000000e+00,1.3308,PBE,5.58242432e-02
7.64000000e+00,0.2662,NN,1.16748111e-02
7.64000000e+00,0.2662,PBE,8.75328070e-03
7.64000000e+00,0.5324,NN,2.29737181e-02
7.64000000e+00,0.5324,PBE,2.57531509e-02
7.64000000e+00,0.7985,NN,3.36983092e-02
7.64000000e+00,0.7985,PBE,3.37866060e-02
7.64000000e+00,1.0647,NN,4.37291041e-02
7.64000000e+00,1.0647,PBE,4.14080398e-02
7.64000000e+00,1.3308,NN,5.29663377e-02
7.64000000e+00,1.3308,PBE,5.52692362e-02
7.66000000e+00,0.2662,NN,1.15581183e-02
7.66000000e+00,0.2662,PBE,8.66610566e-03
7.66000000e+00,0.5324,NN,2.27453373e-02
7.66000000e+00,0.5324,PBE,2.54967629e-02
7.66000000e+00,0.7985,NN,3.33630256e-02
7.66000000e+00,0.7985,PBE,3.34503350e-02
7.66000000e+00,1.0647,NN,4.32940423e-02
7.66000000e+00,1.0647,PBE,4.09960500e-02
7.66000000e+00,1.3308,NN,5.24397790e-02
7.66000000e+00,1.3308,PBE,5.47197404e-02
7.68000000e+00,0.2662,NN,1.14425700e-02
7.68000000e+00,0.2662,PBE,8.57980035e-03
7.68000000e+00,0.5324,NN,2.25192383e-02
7.68000000e+00,0.5324,PBE,2.52429303e-02
7.68000000e+00,0.7985,NN,3.30310836e-02
7.68000000e+00,0.7985,PBE,3.31174130e-02
7.68000000e+00,1.0647,NN,4.28633466e-02
7.68000000e+00,1.0647,PBE,4.05881597e-02
7.68000000e+00,1.3308,NN,5.19184396e-02
7.68000000e+00,1.3308,PBE,5.41757011e-02
7.70000000e+00,0.2662,NN,1.13281552e-02
7.70000000e+00,0.2662,PBE,8.49435605e-03
7.70000000e+00,0.5324,NN,2.22953875e-02
7.70000000e+00,0.5324,PBE,2.49916277e-02
7.70000000e+00,0.7985,NN,3.27024572e-02
7.70000000e+00,0.7985,PBE,3.27878066e-02
7.70000000e+00,1.0647,NN,4.24369574e-02
7.70000000e+00,1.0647,PBE,4.01843279e-02
7.70000000e+00,1.3308,NN,5.14023118e-02
7.70000000e+00,1.3308,PBE,5.36370643e-02
7.72000000e+00,0.2662,NN,1.12148523e-02
7.72000000e+00,0.2662,PBE,8.40976412e-03
7.72000000e+00,0.5324,NN,2.20737513e-02
7.72000000e+00,0.5324,PBE,2.47428295e-02
7.72000000e+00,0.7985,NN,3.23771238e-02
7.72000000e+00,0.7985,PBE,3.24614827e-02
7.72000000e+00,1.0647,NN,4.20148224e-02
7.72000000e+00,1.0647,PBE,3.97845143e-02
7.72000000e+00,1.3308,NN,5.08913100e-02
7.72000000e+00,1.3308,PBE,5.31037765e-02
7.74000000e+00,0.2662,NN,1.11026671e-02
7.74000000e+00,0.2662,PBE,8.32601603e-03
7.74000000e+00,0.5324,NN,2.18543373e-02
7.74000000e+00,0.5324,PBE,2.44965110e-02
7.74000000e+00,0.7985,NN,3.20550129e-02
7.74000000e+00,0.7985,PBE,3.21384085e-02
7.74000000e+00,1.0647,NN,4.15969267e-02
7.74000000e+00,1.0647,PBE,3.93886789e-02
7.74000000e+00,1.3308,NN,5.03854156e-02
7.74000000e+00,1.3308,PBE,5.25757847e-02
7.76000000e+00,0.2662,NN,1.09915696e-02
7.76000000e+00,0.2662,PBE,8.24310330e-03
7.76000000e+00,0.5324,NN,2.16370728e-02
7.76000000e+00,0.5324,PBE,2.42526471e-02
7.76000000e+00,0.7985,NN,3.17361243e-02
7.76000000e+00,0.7985,PBE,3.18185517e-02
7.76000000e+00,1.0647,NN,4.11831513e-02
7.76000000e+00,1.0647,PBE,3.89967821e-02
7.76000000e+00,1.3308,NN,4.98845354e-02
7.76000000e+00,1.3308,PBE,5.20530365e-02
7.78000000e+00,0.2662,NN,1.08815441e-02
7.78000000e+00,0.2662,PBE,8.16101758e-03
7.78000000e+00,0.5324,NN,2.14219689e-02
7.78000000e+00,0.5324,PBE,2.40112135e-02
7.78000000e+00,0.7985,NN,3.14203799e-02
7.78000000e+00,0.7985,PBE,3.15018801e-02
7.78000000e+00,1.0647,NN,4.07735147e-02
7.78000000e+00,1.0647,PBE,3.86087846e-02
7.78000000e+00,1.3308,NN,4.93886247e-02
7.78000000e+00,1.3308,PBE,5.15354800e-02
7.80000000e+00,0.2662,NN,1.07726064e-02
7.80000000e+00,0.2662,PBE,8.07975056e-03
7.80000000e+00,0.5324,NN,2.12089997e-02
7.80000000e+00,0.5324,PBE,2.37721857e-02
7.80000000e+00,0.7985,NN,3.11078373e-02
7.80000000e+00,0.7985,PBE,3.11883619e-02
7.80000000e+00,1.0647,NN,4.03679796e-02
7.80000000e+00,1.0647,PBE,3.82246477e-02
7.80000000e+00,1.3308,NN,4.88976873e-02
7.80000000e+00,1.3308,PBE,5.10230637e-02
7.82000000e+00,0.2662,NN,1.06647182e-02
7.82000000e+00,0.2662,PBE,7.99929405e-03
7.82000000e+00,0.5324,NN,2.09981482e-02
7.82000000e+00,0.5324,PBE,2.35355398e-02
7.82000000e+00,0.7985,NN,3.07984054e-02
7.82000000e+00,0.7985,PBE,3.08779657e-02
7.82000000e+00,1.0647,NN,3.99664454e-02
7.82000000e+00,1.0647,PBE,3.78443329e-02
7.82000000e+00,1.3308,NN,4.84116003e-02
7.82000000e+00,1.3308,PBE,5.05157367e-02
7.84000000e+00,0.2662,NN,1.05579002e-02
7.84000000e+00,0.2662,PBE,7.91963993e-03
7.84000000e+00,0.5324,NN,2.07893886e-02
7.84000000e+00,0.5324,PBE,2.33012519e-02
7.84000000e+00,0.7985,NN,3.04920170e-02
7.84000000e+00,0.7985,PBE,3.05706603e-02
7.84000000e+00,1.0647,NN,3.95689234e-02
7.84000000e+00,1.0647,PBE,3.74678021e-02
7.84000000e+00,1.3308,NN,4.79303636e-02
7.84000000e+00,1.3308,PBE,5.00134486e-02
7.86000000e+00,0.2662,NN,1.04521224e-02
7.86000000e+00,0.2662,PBE,7.84078014e-03
7.86000000e+00,0.5324,NN,2.05826964e-02
7.86000000e+00,0.5324,PBE,2.30692985e-02
7.86000000e+00,0.7985,NN,3.01886946e-02
7.86000000e+00,0.7985,PBE,3.02664150e-02
7.86000000e+00,1.0647,NN,3.91753614e-02
7.86000000e+00,1.0647,PBE,3.70950177e-02
7.86000000e+00,1.3308,NN,4.74539213e-02
7.86000000e+00,1.3308,PBE,4.95161495e-02
7.88000000e+00,0.2662,NN,1.03473645e-02
7.88000000e+00,0.2662,PBE,7.76270676e-03
7.88000000e+00,0.5324,NN,2.03780681e-02
7.88000000e+00,0.5324,PBE,2.28396563e-02
7.88000000e+00,0.7985,NN,2.98883915e-02
7.88000000e+00,0.7985,PBE,2.99651990e-02
7.88000000e+00,1.0647,NN,3.87857482e-02
7.88000000e+00,1.0647,PBE,3.67259425e-02
7.88000000e+00,1.3308,NN,4.69822548e-02
7.88000000e+00,1.3308,PBE,4.90237900e-02
7.90000000e+00,0.2662,NN,1.02436319e-02
7.90000000e+00,0.2662,PBE,7.68541189e-03
7.90000000e+00,0.5324,NN,2.01754384e-02
7.90000000e+00,0.5324,PBE,2.26123021e-02
7.90000000e+00,0.7985,NN,2.95910873e-02
7.90000000e+00,0.7985,PBE,2.96669824e-02
7.90000000e+00,1.0647,NN,3.83999683e-02
7.90000000e+00,1.0647,PBE,3.63605394e-02
7.90000000e+00,1.3308,NN,4.65152152e-02
7.90000000e+00,1.3308,PBE,4.85363211e-02
7.92000000e+00,0.2662,NN,1.01409210e-02
7.92000000e+00,0.2662,PBE,7.60888774e-03
7.92000000e+00,0.5324,NN,1.99748334e-02
7.92000000e+00,0.5324,PBE,2.23872130e-02
7.92000000e+00,0.7985,NN,2.92967372e-02
7.92000000e+00,0.7985,PBE,2.93717350e-02
7.92000000e+00,1.0647,NN,3.80181074e-02
7.92000000e+00,1.0647,PBE,3.59987720e-02
7.92000000e+00,1.3308,NN,4.60528471e-02
7.92000000e+00,1.3308,PBE,4.80536944e-02
7.94000000e+00,0.2662,NN,1.00392057e-02
7.94000000e+00,0.2662,PBE,7.53312657e-03
7.94000000e+00,0.5324,NN,1.97762158e-02
7.94000000e+00,0.5324,PBE,2.21643666e-02
7.94000000e+00,0.7985,NN,2.90053133e-02
7.94000000e+00,0.7985,PBE,2.90794274e-02
7.94000000e+00,1.0647,NN,3.76400016e-02
7.94000000e+00,1.0647,PBE,3.56406040e-02
7.94000000e+00,1.3308,NN,4.55951020e-02
7.94000000e+00,1.3308,PBE,4.75758618e-02
7.96000000e+00,0.2662,NN,9.93848220e-03
7.96000000e+00,0.2662,PBE,7.45812078e-03
7.96000000e+00,0.5324,NN,1.95795670e-02
7.96000000e+00,0.5324,PBE,2.19437403e-02
7.96000000e+00,0.7985,NN,2.87167951e-02
7.96000000e+00,0.7985,PBE,2.87900302e-02
7.96000000e+00,1.0647,NN,3.72656025e-02
7.96000000e+00,1.0647,PBE,3.52859996e-02
7.96000000e+00,1.3308,NN,4.51418608e-02
7.96000000e+00,1.3308,PBE,4.71027760e-02
7.98000000e+00,0.2662,NN,9.83873196e-03
7.98000000e+00,0.2662,PBE,7.38386278e-03
7.98000000e+00,0.5324,NN,1.93848666e-02
7.98000000e+00,0.5324,PBE,2.17253119e-02
7.98000000e+00,0.7985,NN,2.84311306e-02
7.98000000e+00,0.7985,PBE,2.85035144e-02
7.98000000e+00,1.0647,NN,3.68950181e-02
7.98000000e+00,1.0647,PBE,3.49349234e-02
7.98000000e+00,1.3308,NN,4.46931385e-02
7.98000000e+00,1.3308,PBE,4.66343898e-02
8.00000000e+00,0.2662,NN,9.73995868e-03
8.00000000e+00,0.2662,PBE,7.31034512e-03
8.00000000e+00,0.5324,NN,1.91920809e-02
8.00000000e+00,0.5324,PBE,2.15090596e-02
8.00000000e+00,0.7985,NN,2.81483103e-02
8.00000000e+00,0.7985,PBE,2.82198512e-02
8.00000000e+00,1.0647,NN,3.65280621e-02
8.00000000e+00,1.0647,PBE,3.45873402e-02
8.00000000e+00,1.3308,NN,4.42488790e-02
8.00000000e+00,1.3308,PBE,4.61706567e-02
8.02000000e+00,0.2662,NN,9.64215491e-03
8.02000000e+00,0.2662,PBE,7.23756035e-03
8.02000000e+00,0.5324,NN,1.90012120e-02
8.02000000e+00,0.5324,PBE,2.12949615e-02
8.02000000e+00,0.7985,NN,2.78683249e-02
8.02000000e+00,0.7985,PBE,2.79390123e-02
8.02000000e+00,1.0647,NN,3.61647829e-02
8.02000000e+00,1.0647,PBE,3.42432153e-02
8.02000000e+00,1.3308,NN,4.38090712e-02
8.02000000e+00,1.3308,PBE,4.57115305e-02
8.04000000e+00,0.2662,NN,9.54530202e-03
8.04000000e+00,0.2662,PBE,7.16550115e-03
8.04000000e+00,0.5324,NN,1.88122317e-02
8.04000000e+00,0.5324,PBE,2.10829963e-02
8.04000000e+00,0.7985,NN,2.75910962e-02
8.04000000e+00,0.7985,PBE,2.76609693e-02
8.04000000e+00,1.0647,NN,3.58051434e-02
8.04000000e+00,1.0647,PBE,3.39025143e-02
8.04000000e+00,1.3308,NN,4.33735996e-02
8.04000000e+00,1.3308,PBE,4.52569656e-02
8.06000000e+00,0.2662,NN,9.44938976e-03
8.06000000e+00,0.2662,PBE,7.09416028e-03
8.06000000e+00,0.5324,NN,1.86251104e-02
8.06000000e+00,0.5324,PBE,2.08731425e-02
8.06000000e+00,0.7985,NN,2.73166634e-02
8.06000000e+00,0.7985,PBE,2.73856945e-02
8.06000000e+00,1.0647,NN,3.54490280e-02
8.06000000e+00,1.0647,PBE,3.35652030e-02
8.06000000e+00,1.3308,NN,4.29424644e-02
8.06000000e+00,1.3308,PBE,4.48069168e-02
8.08000000e+00,0.2662,NN,9.35440045e-03
8.08000000e+00,0.2662,PBE,7.02353054e-03
8.08000000e+00,0.5324,NN,1.84398666e-02
8.08000000e+00,0.5324,PBE,2.06653791e-02
8.08000000e+00,0.7985,NN,2.70449165e-02
8.08000000e+00,0.7985,PBE,2.71131603e-02
8.08000000e+00,1.0647,NN,3.50964814e-02
8.08000000e+00,1.0647,PBE,3.32312478e-02
8.08000000e+00,1.3308,NN,4.25155833e-02
8.08000000e+00,1.3308,PBE,4.43613394e-02
8.10000000e+00,0.2662,NN,9.26035363e-03
8.10000000e+00,0.2662,PBE,6.95360480e-03
8.10000000e+00,0.5324,NN,1.82564165e-02
8.10000000e+00,0.5324,PBE,2.04596852e-02
8.10000000e+00,0.7985,NN,2.67758872e-02
8.10000000e+00,0.7985,PBE,2.68433394e-02
8.10000000e+00,1.0647,NN,3.47474217e-02
8.10000000e+00,1.0647,PBE,3.29006152e-02
8.10000000e+00,1.3308,NN,4.20929603e-02
8.10000000e+00,1.3308,PBE,4.39201889e-02
8.12000000e+00,0.2662,NN,9.16722603e-03
8.12000000e+00,0.2662,PBE,6.88437603e-03
8.12000000e+00,0.5324,NN,1.80748273e-02
8.12000000e+00,0.5324,PBE,2.02560402e-02
8.12000000e+00,0.7985,NN,2.65095253e-02
8.12000000e+00,0.7985,PBE,2.65762046e-02
8.12000000e+00,1.0647,NN,3.44018526e-02
8.12000000e+00,1.0647,PBE,3.25732722e-02
8.12000000e+00,1.3308,NN,4.16745469e-02
8.12000000e+00,1.3308,PBE,4.34834215e-02
8.14000000e+00,0.2662,NN,9.07500088e-03
8.14000000e+00,0.2662,PBE,6.81583727e-03
8.14000000e+00,0.5324,NN,1.78950001e-02
8.14000000e+00,0.5324,PBE,2.00544236e-02
8.14000000e+00,0.7985,NN,2.62458324e-02
8.14000000e+00,0.7985,PBE,2.63117293e-02
8.14000000e+00,1.0647,NN,3.40596959e-02
8.14000000e+00,1.0647,PBE,3.22491860e-02
8.14000000e+00,1.3308,NN,4.12603095e-02
8.14000000e+00,1.3308,PBE,4.30509938e-02
8.16000000e+00,0.2662,NN,8.98368191e-03
8.16000000e+00,0.2662,PBE,6.74798160e-03
8.16000000e+00,0.5324,NN,1.77169722e-02
8.16000000e+00,0.5324,PBE,1.98548151e-02
8.16000000e+00,0.7985,NN,2.59847175e-02
8.16000000e+00,0.7985,PBE,2.60498868e-02
8.16000000e+00,1.0647,NN,3.37209702e-02
8.16000000e+00,1.0647,PBE,3.19283243e-02
8.16000000e+00,1.3308,NN,4.08501215e-02
8.16000000e+00,1.3308,PBE,4.26228627e-02
8.18000000e+00,0.2662,NN,8.89323372e-03
8.18000000e+00,0.2662,PBE,6.68080222e-03
8.18000000e+00,0.5324,NN,1.75406877e-02
8.18000000e+00,0.5324,PBE,1.96571947e-02
8.18000000e+00,0.7985,NN,2.57262401e-02
8.18000000e+00,0.7985,PBE,2.57906511e-02
8.18000000e+00,1.0647,NN,3.33856009e-02
8.18000000e+00,1.0647,PBE,3.16106549e-02
8.18000000e+00,1.3308,NN,4.04440612e-02
8.18000000e+00,1.3308,PBE,4.21989857e-02
8.20000000e+00,0.2662,NN,8.80368426e-03
8.20000000e+00,0.2662,PBE,6.61429234e-03
8.20000000e+00,0.5324,NN,1.73661709e-02
8.20000000e+00,0.5324,PBE,1.94615427e-02
8.20000000e+00,0.7985,NN,2.54703276e-02
8.20000000e+00,0.7985,PBE,2.55339960e-02
8.20000000e+00,1.0647,NN,3.30535509e-02
8.20000000e+00,1.0647,PBE,3.12961461e-02
8.20000000e+00,1.3308,NN,4.00419980e-02
8.20000000e+00,1.3308,PBE,4.17793205e-02
8.22000000e+00,0.2662,NN,8.71500745e-03
8.22000000e+00,0.2662,PBE,6.54844527e-03
8.22000000e+00,0.5324,NN,1.71933603e-02
8.22000000e+00,0.5324,PBE,1.92678392e-02
8.22000000e+00,0.7985,NN,2.52169259e-02
8.22000000e+00,0.7985,PBE,2.52798958e-02
8.22000000e+00,1.0647,NN,3.27248126e-02
8.22000000e+00,1.0647,PBE,3.09847664e-02
8.22000000e+00,1.3308,NN,3.96439172e-02
8.22000000e+00,1.3308,PBE,4.13638254e-02
8.24000000e+00,0.2662,NN,8.62719212e-03
8.24000000e+00,0.2662,PBE,6.48325441e-03
8.24000000e+00,0.5324,NN,1.70222558e-02
8.24000000e+00,0.5324,PBE,1.90760649e-02
8.24000000e+00,0.7985,NN,2.49660648e-02
8.24000000e+00,0.7985,PBE,2.50283252e-02
8.24000000e+00,1.0647,NN,3.23993191e-02
8.24000000e+00,1.0647,PBE,3.06764847e-02
8.24000000e+00,1.3308,NN,3.92498076e-02
8.24000000e+00,1.3308,PBE,4.09524590e-02
8.26000000e+00,0.2662,NN,8.54023267e-03
8.26000000e+00,0.2662,PBE,6.41871316e-03
8.26000000e+00,0.5324,NN,1.68528538e-02
8.26000000e+00,0.5324,PBE,1.88862006e-02
8.26000000e+00,0.7985,NN,2.47176792e-02
8.26000000e+00,0.7985,PBE,2.47792589e-02
8.26000000e+00,1.0647,NN,3.20770778e-02
8.26000000e+00,1.0647,PBE,3.03712702e-02
8.26000000e+00,1.3308,NN,3.88596207e-02
8.26000000e+00,1.3308,PBE,4.05451804e-02
8.28000000e+00,0.2662,NN,8.45412072e-03
8.28000000e+00,0.2662,PBE,6.35481505e-03
8.28000000e+00,0.5324,NN,1.66851301e-02
8.28000000e+00,0.5324,PBE,1.86982271e-02
8.28000000e+00,0.7985,NN,2.44717672e-02
8.28000000e+00,0.7985,PBE,2.45326719e-02
8.28000000e+00,1.0647,NN,3.17580365e-02
8.28000000e+00,1.0647,PBE,3.00690923e-02
8.28000000e+00,1.3308,NN,3.84732634e-02
8.28000000e+00,1.3308,PBE,4.01419490e-02
8.30000000e+00,0.2662,NN,8.36885720e-03
8.30000000e+00,0.2662,PBE,6.29155367e-03
8.30000000e+00,0.5324,NN,1.65190604e-02
8.30000000e+00,0.5324,PBE,1.85121257e-02
8.30000000e+00,0.7985,NN,2.42283065e-02
8.30000000e+00,0.7985,PBE,2.42885395e-02
8.30000000e+00,1.0647,NN,3.14421803e-02
8.30000000e+00,1.0647,PBE,2.97699208e-02
8.30000000e+00,1.3308,NN,3.80907953e-02
8.30000000e+00,1.3308,PBE,3.97427248e-02
8.32000000e+00,0.2662,NN,8.28442257e-03
8.32000000e+00,0.2662,PBE,6.22892262e-03
8.32000000e+00,0.5324,NN,1.63546335e-02
8.32000000e+00,0.5324,PBE,1.83278775e-02
8.32000000e+00,0.7985,NN,2.39872355e-02
8.32000000e+00,0.7985,PBE,2.40468373e-02
8.32000000e+00,1.0647,NN,3.11294235e-02
8.32000000e+00,1.0647,PBE,2.94737258e-02
8.32000000e+00,1.3308,NN,3.77120674e-02
8.32000000e+00,1.3308,PBE,3.93474679e-02
8.34000000e+00,0.2662,NN,8.20082054e-03
8.34000000e+00,0.2662,PBE,6.16691564e-03
8.34000000e+00,0.5324,NN,1.61918271e-02
8.34000000e+00,0.5324,PBE,1.81454642e-02
8.34000000e+00,0.7985,NN,2.37485915e-02
8.34000000e+00,0.7985,PBE,2.38075410e-02
8.34000000e+00,1.0647,NN,3.08197904e-02
8.34000000e+00,1.0647,PBE,2.91804778e-02
8.34000000e+00,1.3308,NN,3.73371504e-02
8.34000000e+00,1.3308,PBE,3.89561390e-02
8.36000000e+00,0.2662,NN,8.11801851e-03
8.36000000e+00,0.2662,PBE,6.10552646e-03
8.36000000e+00,0.5324,NN,1.60306208e-02
8.36000000e+00,0.5324,PBE,1.79648674e-02
8.36000000e+00,0.7985,NN,2.35122852e-02
8.36000000e+00,0.7985,PBE,2.35706267e-02
8.36000000e+00,1.0647,NN,3.05132363e-02
8.36000000e+00,1.0647,PBE,2.88901473e-02
8.36000000e+00,1.3308,NN,3.69658954e-02
8.36000000e+00,1.3308,PBE,3.85686992e-02
8.38000000e+00,0.2662,NN,8.03602953e-03
8.38000000e+00,0.2662,PBE,6.04474893e-03
8.38000000e+00,0.5324,NN,1.58710275e-02
8.38000000e+00,0.5324,PBE,1.77860690e-02
8.38000000e+00,0.7985,NN,2.32783668e-02
8.38000000e+00,0.7985,PBE,2.33360707e-02
8.38000000e+00,1.0647,NN,3.02097350e-02
8.38000000e+00,1.0647,PBE,2.86027053e-02
8.38000000e+00,1.3308,NN,3.65983397e-02
8.38000000e+00,1.3308,PBE,3.81851098e-02
8.40000000e+00,0.2662,NN,7.95486197e-03
8.40000000e+00,0.2662,PBE,5.98457692e-03
8.40000000e+00,0.5324,NN,1.57130081e-02
8.40000000e+00,0.5324,PBE,1.76090511e-02
8.40000000e+00,0.7985,NN,2.30467208e-02
8.40000000e+00,0.7985,PBE,2.31038494e-02
8.40000000e+00,1.0647,NN,2.99092047e-02
8.40000000e+00,1.0647,PBE,2.83181231e-02
8.40000000e+00,1.3308,NN,3.62344235e-02
8.40000000e+00,1.3308,PBE,3.78053327e-02
8.42000000e+00,0.2662,NN,7.87446927e-03
8.42000000e+00,0.2662,PBE,5.92500441e-03
8.42000000e+00,0.5324,NN,1.55565534e-02
8.42000000e+00,0.5324,PBE,1.74337960e-02
8.42000000e+00,0.7985,NN,2.28173975e-02
8.42000000e+00,0.7985,PBE,2.28739396e-02
8.42000000e+00,1.0647,NN,2.96116807e-02
8.42000000e+00,1.0647,PBE,2.80363723e-02
8.42000000e+00,1.3308,NN,3.58741432e-02
8.42000000e+00,1.3308,PBE,3.74293301e-02
8.44000000e+00,0.2662,NN,7.79486215e-03
8.44000000e+00,0.2662,PBE,5.86602540e-03
8.44000000e+00,0.5324,NN,1.54016335e-02
8.44000000e+00,0.5324,PBE,1.72602859e-02
8.44000000e+00,0.7985,NN,2.25903559e-02
8.44000000e+00,0.7985,PBE,2.26463183e-02
8.44000000e+00,1.0647,NN,2.93171313e-02
8.44000000e+00,1.0647,PBE,2.77574246e-02
8.44000000e+00,1.3308,NN,3.55174094e-02
8.44000000e+00,1.3308,PBE,3.70570645e-02
8.46000000e+00,0.2662,NN,7.71604571e-03
8.46000000e+00,0.2662,PBE,5.80763395e-03
8.46000000e+00,0.5324,NN,1.52482577e-02
8.46000000e+00,0.5324,PBE,1.70885036e-02
8.46000000e+00,0.7985,NN,2.23655719e-02
8.46000000e+00,0.7985,PBE,2.24209626e-02
8.46000000e+00,1.0647,NN,2.90255062e-02
8.46000000e+00,1.0647,PBE,2.74812522e-02
8.46000000e+00,1.3308,NN,3.51642147e-02
8.46000000e+00,1.3308,PBE,3.66884988e-02
8.48000000e+00,0.2662,NN,7.63799995e-03
8.48000000e+00,0.2662,PBE,5.74982420e-03
8.48000000e+00,0.5324,NN,1.50964018e-02
8.48000000e+00,0.5324,PBE,1.69184317e-02
8.48000000e+00,0.7985,NN,2.21429933e-02
8.48000000e+00,0.7985,PBE,2.21978500e-02
8.48000000e+00,1.0647,NN,2.87367385e-02
8.48000000e+00,1.0647,PBE,2.72078275e-02
8.48000000e+00,1.3308,NN,3.48145328e-02
8.48000000e+00,1.3308,PBE,3.63235963e-02
8.50000000e+00,0.2662,NN,7.56071508e-03
8.50000000e+00,0.2662,PBE,5.69259035e-03
8.50000000e+00,0.5324,NN,1.49460444e-02
8.50000000e+00,0.5324,PBE,1.67500533e-02
8.50000000e+00,0.7985,NN,2.19226368e-02
8.50000000e+00,0.7985,PBE,2.19769581e-02
8.50000000e+00,1.0647,NN,2.84508523e-02
8.50000000e+00,1.0647,PBE,2.69371231e-02
8.50000000e+00,1.3308,NN,3.44683230e-02
8.50000000e+00,1.3308,PBE,3.59623207e-02
8.52000000e+00,0.2662,NN,7.48419156e-03
8.52000000e+00,0.2662,PBE,5.63592665e-03
8.52000000e+00,0.5324,NN,1.47971772e-02
8.52000000e+00,0.5324,PBE,1.65833515e-02
8.52000000e+00,0.7985,NN,2.17044894e-02
8.52000000e+00,0.7985,PBE,2.17582648e-02
8.52000000e+00,1.0647,NN,2.81677954e-02
8.52000000e+00,1.0647,PBE,2.66691120e-02
8.52000000e+00,1.3308,NN,3.41255181e-02
8.52000000e+00,1.3308,PBE,3.56046360e-02
8.54000000e+00,0.2662,NN,7.40842056e-03
8.54000000e+00,0.2662,PBE,5.57982740e-03
8.54000000e+00,0.5324,NN,1.46497721e-02
8.54000000e+00,0.5324,PBE,1.64183095e-02
8.54000000e+00,0.7985,NN,2.14884952e-02
8.54000000e+00,0.7985,PBE,2.15417483e-02
8.54000000e+00,1.0647,NN,2.78875642e-02
8.54000000e+00,1.0647,PBE,2.64037673e-02
8.54000000e+00,1.3308,NN,3.37861404e-02
8.54000000e+00,1.3308,PBE,3.52505065e-02
8.56000000e+00,0.2662,NN,7.33339228e-03
8.56000000e+00,0.2662,PBE,5.52428695e-03
8.56000000e+00,0.5324,NN,1.45038413e-02
8.56000000e+00,0.5324,PBE,1.62549107e-02
8.56000000e+00,0.7985,NN,2.12746356e-02
8.56000000e+00,0.7985,PBE,2.13273868e-02
8.56000000e+00,1.0647,NN,2.76101213e-02
8.56000000e+00,1.0647,PBE,2.61410626e-02
8.56000000e+00,1.3308,NN,3.34501117e-02
8.56000000e+00,1.3308,PBE,3.48998970e-02
8.58000000e+00,0.2662,NN,7.25910347e-03
8.58000000e+00,0.2662,PBE,5.46929973e-03
8.58000000e+00,0.5324,NN,1.43593382e-02
8.58000000e+00,0.5324,PBE,1.60931389e-02
8.58000000e+00,0.7985,NN,2.10629050e-02
8.58000000e+00,0.7985,PBE,2.11151589e-02
8.58000000e+00,1.0647,NN,2.73354147e-02
8.58000000e+00,1.0647,PBE,2.58809715e-02
8.58000000e+00,1.3308,NN,3.31174284e-02
8.58000000e+00,1.3308,PBE,3.45527726e-02
8.60000000e+00,0.2662,NN,7.18553225e-03
8.60000000e+00,0.2662,PBE,5.41486026e-03
8.60000000e+00,0.5324,NN,1.42162740e-02
8.60000000e+00,0.5324,PBE,1.59329777e-02
8.60000000e+00,0.7985,NN,2.08532717e-02
8.60000000e+00,0.7985,PBE,2.09050433e-02
8.60000000e+00,1.0647,NN,2.70634573e-02
8.60000000e+00,1.0647,PBE,2.56234681e-02
8.60000000e+00,1.3308,NN,3.27880345e-02
8.60000000e+00,1.3308,PBE,3.42090986e-02
8.62000000e+00,0.2662,NN,7.11270422e-03
8.62000000e+00,0.2662,PBE,5.36096302e-03
8.62000000e+00,0.5324,NN,1.40746357e-02
8.62000000e+00,0.5324,PBE,1.57744112e-02
8.62000000e+00,0.7985,NN,2.06457246e-02
8.62000000e+00,0.7985,PBE,2.06970190e-02
8.62000000e+00,1.0647,NN,2.67941803e-02
8.62000000e+00,1.0647,PBE,2.53685266e-02
8.62000000e+00,1.3308,NN,3.24618928e-02
8.62000000e+00,1.3308,PBE,3.38688408e-02
8.64000000e+00,0.2662,NN,7.04058353e-03
8.64000000e+00,0.2662,PBE,5.30760261e-03
8.64000000e+00,0.5324,NN,1.39343748e-02
8.64000000e+00,0.5324,PBE,1.56174233e-02
8.64000000e+00,0.7985,NN,2.04402562e-02
8.64000000e+00,0.7985,PBE,2.04910651e-02
8.64000000e+00,1.0647,NN,2.65275817e-02
8.64000000e+00,1.0647,PBE,2.51161215e-02
8.64000000e+00,1.3308,NN,3.21390182e-02
8.64000000e+00,1.3308,PBE,3.35319653e-02
8.66000000e+00,0.2662,NN,6.96917390e-03
8.66000000e+00,0.2662,PBE,5.25477366e-03
8.66000000e+00,0.5324,NN,1.37955444e-02
8.66000000e+00,0.5324,PBE,1.54619985e-02
8.66000000e+00,0.7985,NN,2.02367995e-02
8.66000000e+00,0.7985,PBE,2.02871610e-02
8.66000000e+00,1.0647,NN,2.62636282e-02
8.66000000e+00,1.0647,PBE,2.48662277e-02
8.66000000e+00,1.3308,NN,3.18193138e-02
8.66000000e+00,1.3308,PBE,3.31984386e-02
8.68000000e+00,0.2662,NN,6.89846976e-03
8.68000000e+00,0.2662,PBE,5.20247090e-03
8.68000000e+00,0.5324,NN,1.36580588e-02
8.68000000e+00,0.5324,PBE,1.53081210e-02
8.68000000e+00,0.7985,NN,2.00353973e-02
8.68000000e+00,0.7985,PBE,2.00852864e-02
8.68000000e+00,1.0647,NN,2.60022879e-02
8.68000000e+00,1.0647,PBE,2.46188200e-02
8.68000000e+00,1.3308,NN,3.15027796e-02
8.68000000e+00,1.3308,PBE,3.28682273e-02
8.70000000e+00,0.2662,NN,6.82846224e-03
8.70000000e+00,0.2662,PBE,5.15068908e-03
8.70000000e+00,0.5324,NN,1.35219553e-02
8.70000000e+00,0.5324,PBE,1.51557756e-02
8.70000000e+00,0.7985,NN,1.98359694e-02
8.70000000e+00,0.7985,PBE,1.98854209e-02
8.70000000e+00,1.0647,NN,2.57435627e-02
8.70000000e+00,1.0647,PBE,2.43738738e-02
8.70000000e+00,1.3308,NN,3.11894119e-02
8.70000000e+00,1.3308,PBE,3.25412986e-02
8.72000000e+00,0.2662,NN,6.75914390e-03
8.72000000e+00,0.2662,PBE,5.09942298e-03
8.72000000e+00,0.5324,NN,1.33871892e-02
8.72000000e+00,0.5324,PBE,1.50049468e-02
8.72000000e+00,0.7985,NN,1.96385328e-02
8.72000000e+00,0.7985,PBE,1.96875447e-02
8.72000000e+00,1.0647,NN,2.54873913e-02
8.72000000e+00,1.0647,PBE,2.41313646e-02
8.72000000e+00,1.3308,NN,3.08791175e-02
8.72000000e+00,1.3308,PBE,3.22176200e-02
8.74000000e+00,0.2662,NN,6.69051893e-03
8.74000000e+00,0.2662,PBE,5.04866744e-03
8.74000000e+00,0.5324,NN,1.32537670e-02
8.74000000e+00,0.5324,PBE,1.48556196e-02
8.74000000e+00,0.7985,NN,1.94430631e-02
8.74000000e+00,0.7985,PBE,1.94916378e-02
8.74000000e+00,1.0647,NN,2.52337698e-02
8.74000000e+00,1.0647,PBE,2.38912681e-02
8.74000000e+00,1.3308,NN,3.05719152e-02
8.74000000e+00,1.3308,PBE,3.18971590e-02
8.76000000e+00,0.2662,NN,6.62256824e-03
8.76000000e+00,0.2662,PBE,4.99841739e-03
8.76000000e+00,0.5324,NN,1.31216487e-02
8.76000000e+00,0.5324,PBE,1.47077791e-02
8.76000000e+00,0.7985,NN,1.92495454e-02
8.76000000e+00,0.7985,PBE,1.92976807e-02
8.76000000e+00,1.0647,NN,2.49826722e-02
8.76000000e+00,1.0647,PBE,2.36535604e-02
8.76000000e+00,1.3308,NN,3.02677471e-02
8.76000000e+00,1.3308,PBE,3.15798839e-02
8.78000000e+00,0.2662,NN,6.55529229e-03
8.78000000e+00,0.2662,PBE,4.94866777e-03
8.78000000e+00,0.5324,NN,1.29908798e-02
8.78000000e+00,0.5324,PBE,1.45614104e-02
8.78000000e+00,0.7985,NN,1.90579277e-02
8.78000000e+00,0.7985,PBE,1.91056539e-02
8.78000000e+00,1.0647,NN,2.47340724e-02
8.78000000e+00,1.0647,PBE,2.34182177e-02
8.78000000e+00,1.3308,NN,2.99666300e-02
8.78000000e+00,1.3308,PBE,3.12657629e-02
8.80000000e+00,0.2662,NN,6.48867851e-03
8.80000000e+00,0.2662,PBE,4.89941360e-03
8.80000000e+00,0.5324,NN,1.28613766e-02
8.80000000e+00,0.5324,PBE,1.44164988e-02
8.80000000e+00,0.7985,NN,1.88682321e-02
8.80000000e+00,0.7985,PBE,1.89155383e-02
8.80000000e+00,1.0647,NN,2.44879462e-02
8.80000000e+00,1.0647,PBE,2.31852163e-02
8.80000000e+00,1.3308,NN,2.96685006e-02
8.80000000e+00,1.3308,PBE,3.09547648e-02
8.82000000e+00,0.2662,NN,6.42273203e-03
8.82000000e+00,0.2662,PBE,4.85064995e-03
8.82000000e+00,0.5324,NN,1.27331745e-02
8.82000000e+00,0.5324,PBE,1.42730298e-02
8.82000000e+00,0.7985,NN,1.86804142e-02
8.82000000e+00,0.7985,PBE,1.87273147e-02
8.82000000e+00,1.0647,NN,2.42442470e-02
8.82000000e+00,1.0647,PBE,2.29545332e-02
8.82000000e+00,1.3308,NN,2.93732695e-02
8.82000000e+00,1.3308,PBE,3.06468585e-02
8.84000000e+00,0.2662,NN,6.35743840e-03
8.84000000e+00,0.2662,PBE,4.80237190e-03
8.84000000e+00,0.5324,NN,1.26062408e-02
8.84000000e+00,0.5324,PBE,1.41309890e-02
8.84000000e+00,0.7985,NN,1.84944868e-02
8.84000000e+00,0.7985,PBE,1.85409645e-02
8.84000000e+00,1.0647,NN,2.40029842e-02
8.84000000e+00,1.0647,PBE,2.27261451e-02
8.84000000e+00,1.3308,NN,2.90810317e-02
8.84000000e+00,1.3308,PBE,3.03420134e-02
8.86000000e+00,0.2662,NN,6.29278971e-03
8.86000000e+00,0.2662,PBE,4.75457463e-03
8.86000000e+00,0.5324,NN,1.24805775e-02
8.86000000e+00,0.5324,PBE,1.39903623e-02
8.86000000e+00,0.7985,NN,1.83103830e-02
8.86000000e+00,0.7985,PBE,1.83564688e-02
8.86000000e+00,1.0647,NN,2.37641111e-02
8.86000000e+00,1.0647,PBE,2.25000292e-02
8.86000000e+00,1.3308,NN,2.87916977e-02
8.86000000e+00,1.3308,PBE,3.00401991e-02
8.88000000e+00,0.2662,NN,6.22878969e-03
8.88000000e+00,0.2662,PBE,4.70725332e-03
8.88000000e+00,0.5324,NN,1.23561602e-02
8.88000000e+00,0.5324,PBE,1.38511354e-02
8.88000000e+00,0.7985,NN,1.81281511e-02
8.88000000e+00,0.7985,PBE,1.81738092e-02
8.88000000e+00,1.0647,NN,2.35276390e-02
8.88000000e+00,1.0647,PBE,2.22761630e-02
8.88000000e+00,1.3308,NN,2.85051949e-02
8.88000000e+00,1.3308,PBE,2.97413854e-02
8.90000000e+00,0.2662,NN,6.16542855e-03
8.90000000e+00,0.2662,PBE,4.66040324e-03
8.90000000e+00,0.5324,NN,1.22329788e-02
8.90000000e+00,0.5324,PBE,1.37132946e-02
8.90000000e+00,0.7985,NN,1.79477017e-02
8.90000000e+00,0.7985,PBE,1.79929675e-02
8.90000000e+00,1.0647,NN,2.32934896e-02
8.90000000e+00,1.0647,PBE,2.20545241e-02
8.90000000e+00,1.3308,NN,2.82215439e-02
8.90000000e+00,1.3308,PBE,2.94455425e-02
8.92000000e+00,0.2662,NN,6.10270072e-03
8.92000000e+00,0.2662,PBE,4.61401970e-03
8.92000000e+00,0.5324,NN,1.21110259e-02
8.92000000e+00,0.5324,PBE,1.35768259e-02
8.92000000e+00,0.7985,NN,1.77690722e-02
8.92000000e+00,0.7985,PBE,1.78139256e-02
8.92000000e+00,1.0647,NN,2.30616834e-02
8.92000000e+00,1.0647,PBE,2.18350902e-02
8.92000000e+00,1.3308,NN,2.79407371e-02
8.92000000e+00,1.3308,PBE,2.91526411e-02
8.94000000e+00,0.2662,NN,6.04059082e-03
8.94000000e+00,0.2662,PBE,4.56809801e-03
8.94000000e+00,0.5324,NN,1.19902920e-02
8.94000000e+00,0.5324,PBE,1.34417156e-02
8.94000000e+00,0.7985,NN,1.75922215e-02
8.94000000e+00,0.7985,PBE,1.76366655e-02
8.94000000e+00,1.0647,NN,2.28321999e-02
8.94000000e+00,1.0647,PBE,2.16178396e-02
8.94000000e+00,1.3308,NN,2.76626889e-02
8.94000000e+00,1.3308,PBE,2.88626518e-02
8.96000000e+00,0.2662,NN,5.97911328e-03
8.96000000e+00,0.2662,PBE,4.52263360e-03
8.96000000e+00,0.5324,NN,1.18707633e-02
8.96000000e+00,0.5324,PBE,1.33079504e-02
8.96000000e+00,0.7985,NN,1.74171124e-02
8.96000000e+00,0.7985,PBE,1.74611694e-02
8.96000000e+00,1.0647,NN,2.26049721e-02
8.96000000e+00,1.0647,PBE,2.14027504e-02
8.96000000e+00,1.3308,NN,2.73874402e-02
8.96000000e+00,1.3308,PBE,2.85755458e-02
8.98000000e+00,0.2662,NN,5.91823878e-03
8.98000000e+00,0.2662,PBE,4.47762188e-03
8.98000000e+00,0.5324,NN,1.17524210e-02
8.98000000e+00,0.5324,PBE,1.31755166e-02
8.98000000e+00,0.7985,NN,1.72437821e-02
8.98000000e+00,0.7985,PBE,1.72874199e-02
8.98000000e+00,1.0647,NN,2.23800335e-02
8.98000000e+00,1.0647,PBE,2.11898011e-02
8.98000000e+00,1.3308,NN,2.71148961e-02
8.98000000e+00,1.3308,PBE,2.82912944e-02
9.00000000e+00,0.2662,NN,5.85798081e-03
9.00000000e+00,0.2662,PBE,4.43305837e-03
9.00000000e+00,0.5324,NN,1.16352635e-02
9.00000000e+00,0.5324,PBE,1.30444012e-02
9.00000000e+00,0.7985,NN,1.70721747e-02
9.00000000e+00,0.7985,PBE,1.71153996e-02
9.00000000e+00,1.0647,NN,2.21573319e-02
9.00000000e+00,1.0647,PBE,2.09789705e-02
9.00000000e+00,1.3308,NN,2.68450808e-02
9.00000000e+00,1.3308,PBE,2.80098692e-02
9.02000000e+00,0.2662,NN,5.79832587e-03
9.02000000e+00,0.2662,PBE,4.38893858e-03
9.02000000e+00,0.5324,NN,1.15192728e-02
9.02000000e+00,0.5324,PBE,1.29145909e-02
9.02000000e+00,0.7985,NN,1.69022679e-02
9.02000000e+00,0.7985,PBE,1.69450911e-02
9.02000000e+00,1.0647,NN,2.19368543e-02
9.02000000e+00,1.0647,PBE,2.07702374e-02
9.02000000e+00,1.3308,NN,2.65779477e-02
9.02000000e+00,1.3308,PBE,2.77312422e-02
9.04000000e+00,0.2662,NN,5.73927211e-03
9.04000000e+00,0.2662,PBE,4.34525809e-03
9.04000000e+00,0.5324,NN,1.14044454e-02
9.04000000e+00,0.5324,PBE,1.27860727e-02
9.04000000e+00,0.7985,NN,1.67340674e-02
9.04000000e+00,0.7985,PBE,1.67764775e-02
9.04000000e+00,1.0647,NN,2.17185635e-02
9.04000000e+00,1.0647,PBE,2.05635810e-02
9.04000000e+00,1.3308,NN,2.63134688e-02
9.04000000e+00,1.3308,PBE,2.74553857e-02
9.06000000e+00,0.2662,NN,5.68081485e-03
9.06000000e+00,0.2662,PBE,4.30201252e-03
9.06000000e+00,0.5324,NN,1.12907672e-02
9.06000000e+00,0.5324,PBE,1.26588338e-02
9.06000000e+00,0.7985,NN,1.65675487e-02
9.06000000e+00,0.7985,PBE,1.66095420e-02
9.06000000e+00,1.0647,NN,2.15024613e-02
9.06000000e+00,1.0647,PBE,2.03589808e-02
9.06000000e+00,1.3308,NN,2.60516405e-02
9.06000000e+00,1.3308,PBE,2.71822720e-02
9.08000000e+00,0.2662,NN,5.62294526e-03
9.08000000e+00,0.2662,PBE,4.25919753e-03
9.08000000e+00,0.5324,NN,1.11782122e-02
9.08000000e+00,0.5324,PBE,1.25328615e-02
9.08000000e+00,0.7985,NN,1.64026953e-02
9.08000000e+00,0.7985,PBE,1.64442677e-02
9.08000000e+00,1.0647,NN,2.12885123e-02
9.08000000e+00,1.0647,PBE,2.01564160e-02
9.08000000e+00,1.3308,NN,2.57923976e-02
9.08000000e+00,1.3308,PBE,2.69118739e-02
9.10000000e+00,0.2662,NN,5.56566240e-03
9.10000000e+00,0.2662,PBE,4.21680882e-03
9.10000000e+00,0.5324,NN,1.10668102e-02
9.10000000e+00,0.5324,PBE,1.24081430e-02
9.10000000e+00,0.7985,NN,1.62394978e-02
9.10000000e+00,0.7985,PBE,1.62806382e-02
9.10000000e+00,1.0647,NN,2.10767090e-02
9.10000000e+00,1.0647,PBE,1.99558667e-02
9.10000000e+00,1.3308,NN,2.55357418e-02
9.10000000e+00,1.3308,PBE,2.66441646e-02
9.12000000e+00,0.2662,NN,5.50895277e-03
9.12000000e+00,0.2662,PBE,4.17484219e-03
9.12000000e+00,0.5324,NN,1.09565090e-02
9.12000000e+00,0.5324,PBE,1.22846660e-02
9.12000000e+00,0.7985,NN,1.60779301e-02
9.12000000e+00,0.7985,PBE,1.61186370e-02
9.12000000e+00,1.0647,NN,2.08670087e-02
9.12000000e+00,1.0647,PBE,1.97573126e-02
9.12000000e+00,1.3308,NN,2.52816435e-02
9.12000000e+00,1.3308,PBE,2.63791172e-02
9.14000000e+00,0.2662,NN,5.45281591e-03
9.14000000e+00,0.2662,PBE,4.13329337e-03
9.14000000e+00,0.5324,NN,1.08473115e-02
9.14000000e+00,0.5324,PBE,1.21624180e-02
9.14000000e+00,0.7985,NN,1.59179792e-02
9.14000000e+00,0.7985,PBE,1.59582480e-02
9.14000000e+00,1.0647,NN,2.06593964e-02
9.14000000e+00,1.0647,PBE,1.95607340e-02
9.14000000e+00,1.3308,NN,2.50300877e-02
9.14000000e+00,1.3308,PBE,2.61167053e-02
9.16000000e+00,0.2662,NN,5.39724994e-03
9.16000000e+00,0.2662,PBE,4.09215822e-03
9.16000000e+00,0.5324,NN,1.07392175e-02
9.16000000e+00,0.5324,PBE,1.20413868e-02
9.16000000e+00,0.7985,NN,1.57596506e-02
9.16000000e+00,0.7985,PBE,1.57994552e-02
9.16000000e+00,1.0647,NN,2.04538964e-02
9.16000000e+00,1.0647,PBE,1.93661111e-02
9.16000000e+00,1.3308,NN,2.47810334e-02
9.16000000e+00,1.3308,PBE,2.58569028e-02
9.18000000e+00,0.2662,NN,5.34225116e-03
9.18000000e+00,0.2662,PBE,4.05143260e-03
9.18000000e+00,0.5324,NN,1.06322113e-02
9.18000000e+00,0.5324,PBE,1.19215603e-02
9.18000000e+00,0.7985,NN,1.56029025e-02
9.18000000e+00,0.7985,PBE,1.56422426e-02
9.18000000e+00,1.0647,NN,2.02504285e-02
9.18000000e+00,1.0647,PBE,1.91734246e-02
9.18000000e+00,1.3308,NN,2.45344639e-02
9.18000000e+00,1.3308,PBE,2.55996837e-02
9.20000000e+00,0.2662,NN,5.28780790e-03
9.20000000e+00,0.2662,PBE,4.01111244e-03
9.20000000e+00,0.5324,NN,1.05262715e-02
9.20000000e+00,0.5324,PBE,1.18029265e-02
9.20000000e+00,0.7985,NN,1.54477209e-02
9.20000000e+00,0.7985,PBE,1.54865944e-02
9.20000000e+00,1.0647,NN,2.00489908e-02
9.20000000e+00,1.0647,PBE,1.89826552e-02
9.20000000e+00,1.3308,NN,2.42903791e-02
9.20000000e+00,1.3308,PBE,2.53450224e-02
9.22000000e+00,0.2662,NN,5.23391692e-03
9.22000000e+00,0.2662,PBE,3.97119373e-03
9.22000000e+00,0.5324,NN,1.04214065e-02
9.22000000e+00,0.5324,PBE,1.16854735e-02
9.22000000e+00,0.7985,NN,1.52940890e-02
9.22000000e+00,0.7985,PBE,1.53324952e-02
9.22000000e+00,1.0647,NN,1.98495947e-02
9.22000000e+00,1.0647,PBE,1.87937837e-02
9.22000000e+00,1.3308,NN,2.40487084e-02
9.22000000e+00,1.3308,PBE,2.50928934e-02
9.24000000e+00,0.2662,NN,5.18057682e-03
9.24000000e+00,0.2662,PBE,3.93167243e-03
9.24000000e+00,0.5324,NN,1.03175864e-02
9.24000000e+00,0.5324,PBE,1.15691896e-02
9.24000000e+00,0.7985,NN,1.51420236e-02
9.24000000e+00,0.7985,PBE,1.51799295e-02
9.24000000e+00,1.0647,NN,1.96521729e-02
9.24000000e+00,1.0647,PBE,1.86067914e-02
9.24000000e+00,1.3308,NN,2.38094553e-02
9.24000000e+00,1.3308,PBE,2.48432717e-02
9.26000000e+00,0.2662,NN,5.12778061e-03
9.26000000e+00,0.2662,PBE,3.89254458e-03
9.26000000e+00,0.5324,NN,1.02148149e-02
9.26000000e+00,0.5324,PBE,1.14540630e-02
9.26000000e+00,0.7985,NN,1.49914687e-02
9.26000000e+00,0.7985,PBE,1.50288821e-02
9.26000000e+00,1.0647,NN,1.94567516e-02
9.26000000e+00,1.0647,PBE,1.84216595e-02
9.26000000e+00,1.3308,NN,2.35726014e-02
9.26000000e+00,1.3308,PBE,2.45961322e-02
9.28000000e+00,0.2662,NN,5.07552549e-03
9.28000000e+00,0.2662,PBE,3.85380626e-03
9.28000000e+00,0.5324,NN,1.01130819e-02
9.28000000e+00,0.5324,PBE,1.13400824e-02
9.28000000e+00,0.7985,NN,1.48424404e-02
9.28000000e+00,0.7985,PBE,1.48793378e-02
9.28000000e+00,1.0647,NN,1.92632787e-02
9.28000000e+00,1.0647,PBE,1.82383695e-02
9.28000000e+00,1.3308,NN,2.33381148e-02
9.28000000e+00,1.3308,PBE,2.43514503e-02
9.30000000e+00,0.2662,NN,5.02380729e-03
9.30000000e+00,0.2662,PBE,3.81545362e-03
9.30000000e+00,0.5324,NN,1.00123761e-02
9.30000000e+00,0.5324,PBE,1.12272362e-02
9.30000000e+00,0.7985,NN,1.46949124e-02
9.30000000e+00,0.7985,PBE,1.47312816e-02
9.30000000e+00,1.0647,NN,1.90717503e-02
9.30000000e+00,1.0647,PBE,1.80569031e-02
9.30000000e+00,1.3308,NN,2.31059603e-02
9.30000000e+00,1.3308,PBE,2.41092017e-02
9.32000000e+00,0.2662,NN,4.97261435e-03
9.32000000e+00,0.2662,PBE,3.77748278e-03
9.32000000e+00,0.5324,NN,9.91268735e-03
9.32000000e+00,0.5324,PBE,1.11155132e-02
9.32000000e+00,0.7985,NN,1.45488651e-02
9.32000000e+00,0.7985,PBE,1.45846988e-02
9.32000000e+00,1.0647,NN,1.88821517e-02
9.32000000e+00,1.0647,PBE,1.78772421e-02
9.32000000e+00,1.3308,NN,2.28761639e-02
9.32000000e+00,1.3308,PBE,2.38693621e-02
9.34000000e+00,0.2662,NN,4.92194900e-03
9.34000000e+00,0.2662,PBE,3.73988993e-03
9.34000000e+00,0.5324,NN,9.81400628e-03
9.34000000e+00,0.5324,PBE,1.10049021e-02
9.34000000e+00,0.7985,NN,1.44042978e-02
9.34000000e+00,0.7985,PBE,1.44395746e-02
9.34000000e+00,1.0647,NN,1.86944623e-02
9.34000000e+00,1.0647,PBE,1.76993686e-02
9.34000000e+00,1.3308,NN,2.26486530e-02
9.34000000e+00,1.3308,PBE,2.36319076e-02
9.36000000e+00,0.2662,NN,4.87180706e-03
9.36000000e+00,0.2662,PBE,3.70267134e-03
9.36000000e+00,0.5324,NN,9.71632451e-03
9.36000000e+00,0.5324,PBE,1.08953920e-02
9.36000000e+00,0.7985,NN,1.42612066e-02
9.36000000e+00,0.7985,PBE,1.42958947e-02
9.36000000e+00,1.0647,NN,1.85086466e-02
9.36000000e+00,1.0647,PBE,1.75232648e-02
9.36000000e+00,1.3308,NN,2.24234331e-02
9.36000000e+00,1.3308,PBE,2.33968145e-02
9.38000000e+00,0.2662,NN,4.82218340e-03
9.38000000e+00,0.2662,PBE,3.66582325e-03
9.38000000e+00,0.5324,NN,9.61964391e-03
9.38000000e+00,0.5324,PBE,1.07869718e-02
9.38000000e+00,0.7985,NN,1.41195450e-02
9.38000000e+00,0.7985,PBE,1.41536445e-02
9.38000000e+00,1.0647,NN,1.83247160e-02
9.38000000e+00,1.0647,PBE,1.73489131e-02
9.38000000e+00,1.3308,NN,2.22004596e-02
9.38000000e+00,1.3308,PBE,2.31640594e-02
9.40000000e+00,0.2662,NN,4.77306498e-03
9.40000000e+00,0.2662,PBE,3.62934200e-03
9.40000000e+00,0.5324,NN,9.52392444e-03
9.40000000e+00,0.5324,PBE,1.06796306e-02
9.40000000e+00,0.7985,NN,1.39792962e-02
9.40000000e+00,0.7985,PBE,1.40128098e-02
9.40000000e+00,1.0647,NN,1.81426294e-02
9.40000000e+00,1.0647,PBE,1.71762961e-02
9.40000000e+00,1.3308,NN,2.19797250e-02
9.40000000e+00,1.3308,PBE,2.29336190e-02
9.42000000e+00,0.2662,NN,4.72446065e-03
9.42000000e+00,0.2662,PBE,3.59322390e-03
9.42000000e+00,0.5324,NN,9.42918472e-03
9.42000000e+00,0.5324,PBE,1.05733579e-02
9.42000000e+00,0.7985,NN,1.38405077e-02
9.42000000e+00,0.7985,PBE,1.38733767e-02
9.42000000e+00,1.0647,NN,1.79623943e-02
9.42000000e+00,1.0647,PBE,1.70053965e-02
9.42000000e+00,1.3308,NN,2.17612423e-02
9.42000000e+00,1.3308,PBE,2.27054703e-02
9.44000000e+00,0.2662,NN,4.67635971e-03
9.44000000e+00,0.2662,PBE,3.55746534e-03
9.44000000e+00,0.5324,NN,9.33540519e-03
9.44000000e+00,0.5324,PBE,1.04681428e-02
9.44000000e+00,0.7985,NN,1.37031153e-02
9.44000000e+00,0.7985,PBE,1.37353310e-02
9.44000000e+00,1.0647,NN,1.77839659e-02
9.44000000e+00,1.0647,PBE,1.68361972e-02
9.44000000e+00,1.3308,NN,2.15449054e-02
9.44000000e+00,1.3308,PBE,2.24795905e-02
9.46000000e+00,0.2662,NN,4.62875515e-03
9.46000000e+00,0.2662,PBE,3.52206276e-03
9.46000000e+00,0.5324,NN,9.24257562e-03
9.46000000e+00,0.5324,PBE,1.03639749e-02
9.46000000e+00,0.7985,NN,1.35670947e-02
9.46000000e+00,0.7985,PBE,1.35986591e-02
9.46000000e+00,1.0647,NN,1.76073350e-02
9.46000000e+00,1.0647,PBE,1.66686813e-02
9.46000000e+00,1.3308,NN,2.13307682e-02
9.46000000e+00,1.3308,PBE,2.22559571e-02
9.48000000e+00,0.2662,NN,4.58164606e-03
9.48000000e+00,0.2662,PBE,3.48701258e-03
9.48000000e+00,0.5324,NN,9.15070903e-03
9.48000000e+00,0.5324,PBE,1.02608437e-02
9.48000000e+00,0.7985,NN,1.34324813e-02
9.48000000e+00,0.7985,PBE,1.34633472e-02
9.48000000e+00,1.0647,NN,1.74325015e-02
9.48000000e+00,1.0647,PBE,1.65028321e-02
9.48000000e+00,1.3308,NN,2.11188011e-02
9.48000000e+00,1.3308,PBE,2.20345478e-02
9.50000000e+00,0.2662,NN,4.53502778e-03
9.50000000e+00,0.2662,PBE,3.45231131e-03
9.50000000e+00,0.5324,NN,9.05975979e-03
9.50000000e+00,0.5324,PBE,1.01587390e-02
9.50000000e+00,0.7985,NN,1.32992016e-02
9.50000000e+00,0.7985,PBE,1.33293817e-02
9.50000000e+00,1.0647,NN,1.72594450e-02
9.50000000e+00,1.0647,PBE,1.63386329e-02
9.50000000e+00,1.3308,NN,2.09089648e-02
9.50000000e+00,1.3308,PBE,2.18153405e-02
9.52000000e+00,0.2662,NN,4.48889844e-03
9.52000000e+00,0.2662,PBE,3.41795547e-03
9.52000000e+00,0.5324,NN,8.96974839e-03
9.52000000e+00,0.5324,PBE,1.00576505e-02
9.52000000e+00,0.7985,NN,1.31673031e-02
9.52000000e+00,0.7985,PBE,1.31967494e-02
9.52000000e+00,1.0647,NN,1.70881227e-02
9.52000000e+00,1.0647,PBE,1.61760674e-02
9.52000000e+00,1.3308,NN,2.07012314e-02
9.52000000e+00,1.3308,PBE,2.15983133e-02
9.54000000e+00,0.2662,NN,4.44325153e-03
9.54000000e+00,0.2662,PBE,3.38394162e-03
9.54000000e+00,0.5324,NN,8.88065156e-03
9.54000000e+00,0.5324,PBE,9.95756800e-03
9.54000000e+00,0.7985,NN,1.30367503e-02
9.54000000e+00,0.7985,PBE,1.30654369e-02
9.54000000e+00,1.0647,NN,1.69185400e-02
9.54000000e+00,1.0647,PBE,1.60151193e-02
9.54000000e+00,1.3308,NN,2.04956047e-02
9.54000000e+00,1.3308,PBE,2.13834445e-02
9.56000000e+00,0.2662,NN,4.39808471e-03
9.56000000e+00,0.2662,PBE,3.35026635e-03
9.56000000e+00,0.5324,NN,8.79245717e-03
9.56000000e+00,0.5324,PBE,9.85848160e-03
9.56000000e+00,0.7985,NN,1.29075153e-02
9.56000000e+00,0.7985,PBE,1.29354311e-02
9.56000000e+00,1.0647,NN,1.67506803e-02
9.56000000e+00,1.0647,PBE,1.58557726e-02
9.56000000e+00,1.3308,NN,2.02920418e-02
9.56000000e+00,1.3308,PBE,2.11707126e-02
9.58000000e+00,0.2662,NN,4.35338123e-03
9.58000000e+00,0.2662,PBE,3.31692629e-03
9.58000000e+00,0.5324,NN,8.70517734e-03
9.58000000e+00,0.5324,PBE,9.76038133e-03
9.58000000e+00,0.7985,NN,1.27795991e-02
9.58000000e+00,0.7985,PBE,1.28067190e-02
9.58000000e+00,1.0647,NN,1.65845267e-02
9.58000000e+00,1.0647,PBE,1.56980112e-02
9.58000000e+00,1.3308,NN,2.00905446e-02
9.58000000e+00,1.3308,PBE,2.09600966e-02
9.60000000e+00,0.2662,NN,4.30915738e-03
9.60000000e+00,0.2662,PBE,3.28391809e-03
9.60000000e+00,0.5324,NN,8.61878786e-03
9.60000000e+00,0.5324,PBE,9.66325739e-03
9.60000000e+00,0.7985,NN,1.26529923e-02
9.60000000e+00,0.7985,PBE,1.26792876e-02
9.60000000e+00,1.0647,NN,1.64200384e-02
9.60000000e+00,1.0647,PBE,1.55418194e-02
9.60000000e+00,1.3308,NN,1.98910944e-02
9.60000000e+00,1.3308,PBE,2.07515752e-02
9.62000000e+00,0.2662,NN,4.26539453e-03
9.62000000e+00,0.2662,PBE,3.25123846e-03
9.62000000e+00,0.5324,NN,8.53328407e-03
9.62000000e+00,0.5324,PBE,9.56710007e-03
9.62000000e+00,0.7985,NN,1.25276875e-02
9.62000000e+00,0.7985,PBE,1.25531244e-02
9.62000000e+00,1.0647,NN,1.62572470e-02
9.62000000e+00,1.0647,PBE,1.53871817e-02
9.62000000e+00,1.3308,NN,1.96936652e-02
9.62000000e+00,1.3308,PBE,2.05451277e-02
9.64000000e+00,0.2662,NN,4.22209827e-03
9.64000000e+00,0.2662,PBE,3.21888412e-03
9.64000000e+00,0.5324,NN,8.44866782e-03
9.64000000e+00,0.5324,PBE,9.47189971e-03
9.64000000e+00,0.7985,NN,1.24036530e-02
9.64000000e+00,0.7985,PBE,1.24282165e-02
9.64000000e+00,1.0647,NN,1.60961132e-02
9.64000000e+00,1.0647,PBE,1.52340824e-02
9.64000000e+00,1.3308,NN,1.94982253e-02
9.64000000e+00,1.3308,PBE,2.03407335e-02
9.66000000e+00,0.2662,NN,4.17925976e-03
9.66000000e+00,0.2662,PBE,3.18685182e-03
9.66000000e+00,0.5324,NN,8.36491119e-03
9.66000000e+00,0.5324,PBE,9.37764680e-03
9.66000000e+00,0.7985,NN,1.22808926e-02
9.66000000e+00,0.7985,PBE,1.23045516e-02
9.66000000e+00,1.0647,NN,1.59366168e-02
9.66000000e+00,1.0647,PBE,1.50825065e-02
9.66000000e+00,1.3308,NN,1.93047859e-02
9.66000000e+00,1.3308,PBE,2.01383722e-02
9.68000000e+00,0.2662,NN,4.13686968e-03
9.68000000e+00,0.2662,PBE,3.15513836e-03
9.68000000e+00,0.5324,NN,8.28202069e-03
9.68000000e+00,0.5324,PBE,9.28433192e-03
9.68000000e+00,0.7985,NN,1.21593941e-02
9.68000000e+00,0.7985,PBE,1.21821173e-02
9.68000000e+00,1.0647,NN,1.57787409e-02
9.68000000e+00,1.0647,PBE,1.49324386e-02
9.68000000e+00,1.3308,NN,1.91132892e-02
9.68000000e+00,1.3308,PBE,1.99380236e-02
9.70000000e+00,0.2662,NN,4.09493316e-03
9.70000000e+00,0.2662,PBE,3.12374056e-03
9.70000000e+00,0.5324,NN,8.19997955e-03
9.70000000e+00,0.5324,PBE,9.19194572e-03
9.70000000e+00,0.7985,NN,1.20391268e-02
9.70000000e+00,0.7985,PBE,1.20609013e-02
9.70000000e+00,1.0647,NN,1.56224882e-02
9.70000000e+00,1.0647,PBE,1.47838637e-02
9.70000000e+00,1.3308,NN,1.89237483e-02
9.70000000e+00,1.3308,PBE,1.97396676e-02
9.72000000e+00,0.2662,NN,4.05344460e-03
9.72000000e+00,0.2662,PBE,3.09265532e-03
9.72000000e+00,0.5324,NN,8.11878871e-03
9.72000000e+00,0.5324,PBE,9.10047894e-03
9.72000000e+00,0.7985,NN,1.19201178e-02
9.72000000e+00,0.7985,PBE,1.19408915e-02
9.72000000e+00,1.0647,NN,1.54678207e-02
9.72000000e+00,1.0647,PBE,1.46367671e-02
9.72000000e+00,1.3308,NN,1.87361408e-02
9.72000000e+00,1.3308,PBE,1.95432845e-02
9.74000000e+00,0.2662,NN,4.01239190e-03
9.74000000e+00,0.2662,PBE,3.06187945e-03
9.74000000e+00,0.5324,NN,8.03843234e-03
9.74000000e+00,0.5324,PBE,9.00992244e-03
9.74000000e+00,0.7985,NN,1.18023176e-02
9.74000000e+00,0.7985,PBE,1.18220759e-02
9.74000000e+00,1.0647,NN,1.53147494e-02
9.74000000e+00,1.0647,PBE,1.44911340e-02
9.74000000e+00,1.3308,NN,1.85504276e-02
9.74000000e+00,1.3308,PBE,1.93488546e-02
9.76000000e+00,0.2662,NN,3.97178298e-03
9.76000000e+00,0.2662,PBE,3.03140991e-03
9.76000000e+00,0.5324,NN,7.95891043e-03
9.76000000e+00,0.5324,PBE,8.92026716e-03
9.76000000e+00,0.7985,NN,1.16857272e-02
9.76000000e+00,0.7985,PBE,1.17044426e-02
9.76000000e+00,1.0647,NN,1.51632233e-02
9.76000000e+00,1.0647,PBE,1.43469499e-02
9.76000000e+00,1.3308,NN,1.83666144e-02
9.76000000e+00,1.3308,PBE,1.91563586e-02
9.78000000e+00,0.2662,NN,3.93160619e-03
9.78000000e+00,0.2662,PBE,3.00124368e-03
9.78000000e+00,0.5324,NN,7.88021553e-03
9.78000000e+00,0.5324,PBE,8.83150412e-03
9.78000000e+00,0.7985,NN,1.15703484e-02
9.78000000e+00,0.7985,PBE,1.15879798e-02
9.78000000e+00,1.0647,NN,1.50132589e-02
9.78000000e+00,1.0647,PBE,1.42042003e-02
9.78000000e+00,1.3308,NN,1.81846619e-02
9.78000000e+00,1.3308,PBE,1.89657772e-02
9.80000000e+00,0.2662,NN,3.89185967e-03
9.80000000e+00,0.2662,PBE,2.97137768e-03
9.80000000e+00,0.5324,NN,7.80233275e-03
9.80000000e+00,0.5324,PBE,8.74362444e-03
9.80000000e+00,0.7985,NN,1.14561543e-02
9.80000000e+00,0.7985,PBE,1.14726759e-02
9.80000000e+00,1.0647,NN,1.48648424e-02
9.80000000e+00,1.0647,PBE,1.40628710e-02
9.80000000e+00,1.3308,NN,1.80046167e-02
9.80000000e+00,1.3308,PBE,1.87770914e-02
9.82000000e+00,0.2662,NN,3.85254459e-03
9.82000000e+00,0.2662,PBE,2.94180894e-03
9.82000000e+00,0.5324,NN,7.72525975e-03
9.82000000e+00,0.5324,PBE,8.65661933e-03
9.82000000e+00,0.7985,NN,1.13431439e-02
9.82000000e+00,0.7985,PBE,1.13585194e-02
9.82000000e+00,1.0647,NN,1.47179337e-02
9.82000000e+00,1.0647,PBE,1.39229479e-02
9.82000000e+00,1.3308,NN,1.78263634e-02
9.82000000e+00,1.3308,PBE,1.85902823e-02
9.84000000e+00,0.2662,NN,3.81365349e-03
9.84000000e+00,0.2662,PBE,2.91253449e-03
9.84000000e+00,0.5324,NN,7.64899235e-03
9.84000000e+00,0.5324,PBE,8.57048008e-03
9.84000000e+00,0.7985,NN,1.12312930e-02
9.84000000e+00,0.7985,PBE,1.12454989e-02
9.84000000e+00,1.0647,NN,1.45725561e-02
9.84000000e+00,1.0647,PBE,1.37844168e-02
9.84000000e+00,1.3308,NN,1.76499449e-02
9.84000000e+00,1.3308,PBE,1.84053313e-02
9.86000000e+00,0.2662,NN,3.77517520e-03
9.86000000e+00,0.2662,PBE,2.88355144e-03
9.86000000e+00,0.5324,NN,7.57350307e-03
9.86000000e+00,0.5324,PBE,8.48519806e-03
9.86000000e+00,0.7985,NN,1.11206081e-02
9.86000000e+00,0.7985,PBE,1.11336029e-02
9.86000000e+00,1.0647,NN,1.44286677e-02
9.86000000e+00,1.0647,PBE,1.36472641e-02
9.86000000e+00,1.3308,NN,1.74753293e-02
9.86000000e+00,1.3308,PBE,1.82222199e-02
9.88000000e+00,0.2662,NN,3.73711530e-03
9.88000000e+00,0.2662,PBE,2.85485684e-03
9.88000000e+00,0.5324,NN,7.49881240e-03
9.88000000e+00,0.5324,PBE,8.40076475e-03
9.88000000e+00,0.7985,NN,1.10110678e-02
9.88000000e+00,0.7985,PBE,1.10228204e-02
9.88000000e+00,1.0647,NN,1.42862601e-02
9.88000000e+00,1.0647,PBE,1.35114760e-02
9.88000000e+00,1.3308,NN,1.73025243e-02
9.88000000e+00,1.3308,PBE,1.80409299e-02
9.90000000e+00,0.2662,NN,3.69946915e-03
9.90000000e+00,0.2662,PBE,2.82644785e-03
9.90000000e+00,0.5324,NN,7.42490496e-03
9.90000000e+00,0.5324,PBE,8.31717170e-03
9.90000000e+00,0.7985,NN,1.09026674e-02
9.90000000e+00,0.7985,PBE,1.09131403e-02
9.90000000e+00,1.0647,NN,1.41453082e-02
9.90000000e+00,1.0647,PBE,1.33770389e-02
9.90000000e+00,1.3308,NN,1.71314683e-02
9.90000000e+00,1.3308,PBE,1.78614431e-02
9.92000000e+00,0.2662,NN,3.66223161e-03
9.92000000e+00,0.2662,PBE,2.79832161e-03
9.92000000e+00,0.5324,NN,7.35176681e-03
9.92000000e+00,0.5324,PBE,8.23441054e-03
9.92000000e+00,0.7985,NN,1.07953912e-02
9.92000000e+00,0.7985,PBE,1.08045515e-02
9.92000000e+00,1.0647,NN,1.40058324e-02
9.92000000e+00,1.0647,PBE,1.32439393e-02
9.92000000e+00,1.3308,NN,1.69621930e-02
9.92000000e+00,1.3308,PBE,1.76837416e-02
9.94000000e+00,0.2662,NN,3.62539664e-03
9.94000000e+00,0.2662,PBE,2.77047532e-03
9.94000000e+00,0.5324,NN,7.27938442e-03
9.94000000e+00,0.5324,PBE,8.15247298e-03
9.94000000e+00,0.7985,NN,1.06892269e-02
9.94000000e+00,0.7985,PBE,1.06970433e-02
9.94000000e+00,1.0647,NN,1.38677843e-02
9.94000000e+00,1.0647,PBE,1.31121641e-02
9.94000000e+00,1.3308,NN,1.67946536e-02
9.94000000e+00,1.3308,PBE,1.75078076e-02
9.96000000e+00,0.2662,NN,3.58897005e-03
9.96000000e+00,0.2662,PBE,2.74290616e-03
9.96000000e+00,0.5324,NN,7.20776897e-03
9.96000000e+00,0.5324,PBE,8.07135084e-03
9.96000000e+00,0.7985,NN,1.05841821e-02
9.96000000e+00,0.7985,PBE,1.05906048e-02
9.96000000e+00,1.0647,NN,1.37311760e-02
9.96000000e+00,1.0647,PBE,1.29816999e-02
9.96000000e+00,1.3308,NN,1.66288149e-02
9.96000000e+00,1.3308,PBE,1.73336237e-02
9.98000000e+00,0.2662,NN,3.55293672e-03
9.98000000e+00,0.2662,PBE,2.71561141e-03
9.98000000e+00,0.5324,NN,7.13690044e-03
9.98000000e+00,0.5324,PBE,7.99103600e-03
9.98000000e+00,0.7985,NN,1.04802242e-02
9.98000000e+00,0.7985,PBE,1.04852255e-02
9.98000000e+00,1.0647,NN,1.35959778e-02
9.98000000e+00,1.0647,PBE,1.28525337e-02
9.98000000e+00,1.3308,NN,1.64647102e-02
9.98000000e+00,1.3308,PBE,1.71611723e-02
1.00000000e+01,0.2662,NN,3.51729663e-03
1.00000000e+01,0.2662,PBE,2.68858832e-03
1.00000000e+01,0.5324,NN,7.06677791e-03
1.00000000e+01,0.5324,PBE,7.91152041e-03
1.00000000e+01,0.7985,NN,1.03773521e-02
1.00000000e+01,0.7985,PBE,1.03808947e-02
1.00000000e+01,1.0647,NN,1.34621756e-02
1.00000000e+01,1.0647,PBE,1.27246527e-02
1.00000000e+01,1.3308,NN,1.63022801e-02
1.00000000e+01,1.3308,PBE,1.69904363e-02